[1237231.520] Initializing Modding Framework.
[1237231.520] Connected to modding database!
[1237231.520] Ensuring Foreign Key support is enabled and set to initially deferred.
[1237231.520] Checking database version...
[1237231.520] Modding database is up-to-date!
[1237231.520] Initializing Services...
[1237231.520] Component Discovery Service initialized.
[1237231.520] File Service initialized.
[1237231.520] Localization Service initialized.
[1237231.520] Mod Association Service initialized
[1237231.520] Mod Discovery Service initialized.
[1237231.520] Mod Loader Service initialized.
[1237231.520] Mod Selection Service missing. Skipping.
[1237231.520] Ownership Service initialized.
[1237231.520] Properties Service initialized.
[1237231.520] Setting Discovery Service initialized.
[1237231.520] Subscription Service - Detected 1 subscriptions
[1237231.520] Subscription Service - Subscription I64u - Installed? 878717347, Downloading? 1, DownloadPending? 0
[1237231.520] Subscription Service initialized.
[1237231.520] User Data Service missing. Skipping.
[1237231.520] Services initialized!
[1237231.520] Modding Framework is initialized.
[1237231.520] Initializing Modding Framework took - 7ms.
[1237231.520] Verifying enabled mods can coexist.
[1237231.520] Discovering new mods...
[1237233.520] Finished Discovery.
[1237233.520] Discovery Summary:
[1237233.520] Deleted 0 mods.
[1237233.520] Discovered 0 mods.
[1237233.520] Discovering Mods took - 1736ms.
[1237233.520] Bootstrapping game content
[1237233.520] Loading Vanilla DLL.
[1237234.520] Building gameplay database.
[1237235.520] Updating gameplay database with embedded GameCore data.
[1237235.520] Updated gameplay database with GameCore data.
[1237235.520] Initializing Vanilla DLL.
[1237235.520] Instantiate GameCore UI Manager.
[1237235.520] Saving a debug version of the gameplay database.
[1237235.520] Successfully bootstrapped game content.
[1237235.520] Configuring game content
[1237235.520] Enabled Mods (in no particular order):
[1237235.520] No active mods.
[1237235.520] Target Mods (in no particular order):
[1237235.520] 02A8BDDE-67EA-4D38-9540-26E685E3156E (LOC_AZTEC_MONTEZUMA_MOD_TITLE)
[1237235.520] 05698E46-1032-43C7-A40C-FA3D02858D2A (LOC_MOD_VIKINGS_SCENARIO_TITLE)
[1237235.520] 113D9459-0A3B-4FCB-A49C-483F40303575 (Teddy Roosevelt Persona Pack)
[1237235.520] 19ED1A36-D744-4A58-8F8B-0376C2BA86E5 (Barbarian Clans Game Mode)
[1237235.520] 19d1c7ec-54de-11ea-a2e3-2e728ce88125 (Tech and Civic Shuffle Game Mode)
[1237235.520] 1B28771A-C749-434B-9053-D1380C553DE9 (LOC_EXPANSION1_MOD_TITLE)
[1237235.520] 1B394FE9-23DC-4868-8F0A-5220CB8FB427 (Ethiopia Pack)
[1237235.520] 1F367231-A040-4793-BDBB-088816853683 (LOC_INDONESIA_KHMER_MOD_TITLE)
[1237235.520] 2F3A65C2-0883-4BF6-8C70-EDA688C66F3C (LOC_MOD_ALEXANDER_SCENARIO_TITLE)
[1237235.520] 2F6E858A-28EF-46B3-BEAC-B985E52E9BC1 (LOC_MOD_VIKINGSLANDMARKS_TITLE)
[1237235.520] 3809975F-263F-40A2-A747-8BFB171D821A (LOC_POLAND_JADWIGA_MOD_TITLE)
[1237235.520] 4873eb62-8ccc-4574-b784-dda455e74e68 (LOC_EXPANSION2_MOD_TITLE)
[1237235.520] 5B0445C9-1376-45AD-9B51-C96A83A8F17D (LOC_WARMACHINE_MOD_TITLE)
[1237235.520] 643EA320-8E1A-4CF1-A01C-00D88DDD131A (LOC_NUBIA_MOD_TITLE)
[1237235.520] 648CD2A8-057A-4EB5-9E41-E1F7D86B5443 (LOC_COLDWAR_MOD_TITLE)
[1237235.520] 70c9b163-18cb-46bf-a326-e8369666d722 (AI+)
[1237235.520] 7619F77B-BAA7-4912-AA6E-45C124E6ECFD (LOC_MOD_NUBIA_SCENARIO_TITLE)
[1237235.520] 8424840C-92EF-4426-A9B4-B4E0CB818049 (Babylon Pack)
[1237235.520] 8550ED6C-E370-426C-80CD-AB4B46B201DD (LOC_MOD_INDONESIA_KHMER_SCENARIO_TITLE)
[1237235.520] 9DE86512-DE1A-400D-8C0A-AB46EBBF76B9 (Maya and Gran Colombia Pack)
[1237235.520] A1100FC4-70F2-4129-AC27-2A65A685ED08 (Byzantium and Gaul Pack)
[1237235.520] A3F42CD4-6C3E-4F5A-BC81-BE29E0C0B87C (Vietnam and Kublai Khan Pack)
[1237235.520] A55FAFB4-9070-4597-9453-B28A99910CDA (Multiplayer Scenario: Pirates)
[1237235.520] C1F775D8-59B5-401B-B86D-78FAF3446EC7 (LOC_BLACKDEATH_MOD_TITLE)
[1237235.520] CD953AD5-2869-4654-91EC-E48D118EF3F3 (LOC_MOD_POLAND_SCENARIO_TITLE)
[1237235.520] CE5876CD-6900-46D1-9C9C-8DBA1F28872E (Catherine de Medici Persona Pack)
[1237235.520] D70C8F1F-3954-460F-A9D9-09498BF773C9 (LOC_MOD_AUSTRALIA_SCENARIO_TITLE)
[1237235.520] E2749E9A-8056-45CD-901B-C368C8E83DEB (LOC_MACEDONIA_PERSIA_MOD_TITLE)
[1237235.520] E3F53C61-371C-440B-96CE-077D318B36C0 (LOC_AUSTRALIA_MOD_TITLE)
[1237235.520] F264EE10-F21B-4A9A-BBCD-D534E9843E90 (LOC_CIV_ROYALE_MOD_TITLE)
[1237235.520] F653805E-F7C8-44E1-8CBD-FB48D7AABCBA (LOC_ANCIENT_RIVALS_MOD_TITLE)
[1237235.520] FFDF4E79-DEE2-47BB-919B-F5739106627A (Portugal Pack)
[1237235.520] {455B6E2D-821D-4D49-9FCD-FC950AC6A521} (LOC_RELIGIOUS_COMBAT_MOD_TITLE)
[1237235.520] {5E991A08-08FD-4774-968B-A85377ECF60D} (LOC_NAPOLEON_MOD_TITLE)
[1237235.520] Warning: The activation order of mods is not the same as it was with a prior sorting algorithm.
[1237235.520] Warning: The activation order of mods is not the same as it was with a prior sorting algorithm.
[1237235.520] Game configuration needs to change to match target config.
[1237235.520] Performing pre-configure processing.
[1237235.520] Rebuilding configuration database.
[1237235.520] Localization database unchanged, no rollback needed.
[1237235.520] Configuration database unchanged, no rollback needed.
[1237235.520] ConfigureContent - Importing implicit files, pre settings
[1237235.520] Applying settings.
[1237235.520] Modding Framework - Apply Settings
[1237235.520] UpdateColors - Loading Data/Aztec_Montezuma_Colors.xml
[1237235.520] ModdingUpdateConfigurationDatabase - Loading Data/Aztec_Montezuma_ConfigData.xml
[1237235.520] ModdingUpdateConfigurationDatabase - Loading Data/Indonesia_Khmer_ConfigData.xml
[1237235.520] UISettingHandler - Loading DLC6.dep
[1237235.520] UpdateColors - Loading Data/Indonesia_Khmer_Colors.xml
[1237235.520] Creating database save point.
[1237235.520] LocalizedText - Loading Text/en_US/Indonesia_Khmer_ConfigText.xml
[1237235.520] LocalizedText - Loading Text/Indonesia_Khmer_Translations_ConfigText.xml
[1237235.520] LocalizedText - Loading Text/Indonesia_Khmer_Translations_ConfigText_China.xml
[1237235.520] Warning: Unable to load ../../../DLC/Indonesia_Khmer/Text/Indonesia_Khmer_Translations_ConfigText_China.xml
[1237235.520] Warning: LocalizedText - Failed loading XML.
[1237235.520] Successfully released save point.
[1237235.520] UpdateIcons - Loading Data/Indonesia_Khmer_Icons_Buildings.xml
[1237235.520] UpdateIcons - Loading Data/Indonesia_Khmer_Icons_Civilizations.xml
[1237235.520] UpdateIcons - Loading Data/Indonesia_Khmer_Icons_Features.xml
[1237235.520] UpdateIcons - Loading Data/Indonesia_Khmer_Icons_Leaders.xml
[1237235.520] UpdateIcons - Loading Data/Indonesia_Khmer_Icons_UnitActions.xml
[1237235.520] UpdateIcons - Loading Data/Indonesia_Khmer_Icons_UnitPortraits.xml
[1237235.520] UpdateIcons - Loading Data/Indonesia_Khmer_Icons_Units.xml
[1237235.520] UpdateIcons - Loading Data/Indonesia_Khmer_Icons_Wonders.xml
[1237235.520] UISettingHandler - Loading VikingsLandmarks.dep
[1237235.520] UpdateColors - Loading Data/VikingsLandmarks_Colors.xml
[1237235.520] ModdingUpdateConfigurationDatabase - Loading Data/VikingsLandmarks_Config.xml
[1237235.520] UpdateIcons - Loading Data/VikingsLandmarks_Icons_Civilizations.xml
[1237235.520] UpdateIcons - Loading Data/VikingsLandmarks_Icons_Features.xml
[1237235.520] Creating database save point.
[1237235.520] LocalizedText - Loading Text/en_US/VikingsLandmarks_ConfigText.xml
[1237235.520] LocalizedText - Loading Text/VikingsLandmarks_Translations_ConfigText.xml
[1237235.520] LocalizedText - Loading Text/VikingsLandmarks_Translations_ConfigText_China.xml
[1237235.520] Warning: Unable to load ../../../DLC/VikingsLandmarks/Text/VikingsLandmarks_Translations_ConfigText_China.xml
[1237235.520] Warning: LocalizedText - Failed loading XML.
[1237235.520] Successfully released save point.
[1237235.520] UISettingHandler - Loading DLC2.dep
[1237235.520] UpdateColors - Loading Data/Poland_Jadwiga_Colors.xml
[1237235.520] ModdingUpdateConfigurationDatabase - Loading Data/Poland_Jadwiga_ConfigData.xml
[1237235.520] UpdateIcons - Loading Data/Poland_Jadwiga_Icons_Buildings.xml
[1237235.520] UpdateIcons - Loading Data/Poland_Jadwiga_Icons_Civilizations.xml
[1237235.520] UpdateIcons - Loading Data/Poland_Jadwiga_Icons_Leaders.xml
[1237235.520] UpdateIcons - Loading Data/Poland_Jadwiga_Icons_Units.xml
[1237235.520] Creating database save point.
[1237235.520] LocalizedText - Loading Text/Poland_Translations_ConfigText.xml
[1237235.520] LocalizedText - Loading Text/en_US/Poland_Jadwiga_ConfigText.xml
[1237235.520] Successfully released save point.
[1237235.520] ModdingUpdateConfigurationDatabase - Loading Data/Nubia_ConfigData.xml
[1237235.520] UISettingHandler - Loading DLC5.dep
[1237235.520] UpdateColors - Loading Data/Nubia_Colors.xml
[1237235.520] UpdateColors - Loading Data/Nubia_PlayerColors.xml
[1237235.520] Creating database save point.
[1237235.520] LocalizedText - Loading Text/en_US/Nubia_ConfigText.xml
[1237235.520] LocalizedText - Loading Text/Nubia_Amanitore_Translations_ConfigText.xml
[1237235.520] LocalizedText - Loading Text/Nubia_Amanitore_Translations_ConfigText_China.xml
[1237235.520] Warning: Unable to load ../../../DLC/Nubia_Amanitore/Text/Nubia_Amanitore_Translations_ConfigText_China.xml
[1237235.520] Warning: LocalizedText - Failed loading XML.
[1237235.520] Successfully released save point.
[1237235.520] UpdateIcons - Loading Data/Nubia_Icons_Civilizations.xml
[1237235.520] UpdateIcons - Loading Data/Nubia_Icons_Leaders.xml
[1237235.520] UpdateIcons - Loading Data/Nubia_Icons_UnitActions.xml
[1237235.520] UpdateIcons - Loading Data/Nubia_Icons_UnitPortraits.xml
[1237235.520] UpdateIcons - Loading Data/Nubia_Icons_Units.xml
[1237235.520] ModdingUpdateConfigurationDatabase - Loading ColdWarScenario_Config.xml
[1237235.520] UISettingHandler - Loading PiratesScenario.dep
[1237235.520] ModdingUpdateConfigurationDatabase - Loading Data/PiratesScenario_Config.xml
[1237235.520] UpdateColors - Loading Data/PiratesScenario_PlayerColors.xml
[1237235.520] UpdateIcons - Loading Data/PiratesScenario_Icons_Civilizations.xml
[1237235.520] UpdateIcons - Loading Data/PiratesScenario_Icons_Leaders.xml
[1237235.520] Creating database save point.
[1237235.520] LocalizedText - Loading Text/en_US/PiratesScenario_ConfigText.xml
[1237235.520] LocalizedText - Loading Text/en_US/PiratesScenario_PackageText.xml
[1237235.520] LocalizedText - Loading Text/PiratesScenario_Translations_ConfigText.xml
[1237235.520] LocalizedText - Loading Text/PiratesScenario_Translations_PackageText.xml
[1237235.520] Successfully released save point.
[1237235.520] UISettingHandler - Loading DLC4.dep
[1237235.520] ModdingUpdateConfigurationDatabase - Loading Data/Macedonia_Persia_ConfigData.xml
[1237235.520] UpdateColors - Loading Data/Macedonia_Persia_Colors.xml
[1237235.520] UpdateColors - Loading Data/Macedonia_Persia_PlayerColors.xml
[1237235.520] UpdateIcons - Loading Data/Macedonia_Persia_Icons_Buildings.xml
[1237235.520] UpdateIcons - Loading Data/Macedonia_Persia_Icons_Civilizations.xml
[1237235.520] UpdateIcons - Loading Data/Macedonia_Persia_Icons_Leaders.xml
[1237235.520] UpdateIcons - Loading Data/Macedonia_Persia_Icons_UnitActions.xml
[1237235.520] UpdateIcons - Loading Data/Macedonia_Persia_Icons_UnitPortraits.xml
[1237235.520] UpdateIcons - Loading Data/Macedonia_Persia_Icons_Units.xml
[1237235.520] Creating database save point.
[1237235.520] LocalizedText - Loading Text/en_US/Macedonia_Persia_ConfigText.xml
[1237235.520] LocalizedText - Loading Text/Macedonia_Persia_Translations_ConfigText.xml
[1237235.520] LocalizedText - Loading Text/Macedonia_Persia_Translations_ConfigText_China.xml
[1237235.520] Warning: Unable to load ../../../DLC/Macedonia_Persia/Text/Macedonia_Persia_Translations_ConfigText_China.xml
[1237235.520] Warning: LocalizedText - Failed loading XML.
[1237235.520] Successfully released save point.
[1237235.520] ModdingUpdateConfigurationDatabase - Loading Data/Australia_Config.xml
[1237235.520] UpdateColors - Loading Data/Australia_Colors.xml
[1237235.520] UpdateIcons - Loading Data/Australia_Icons_Civilizations.xml
[1237235.520] UpdateIcons - Loading Data/Australia_Icons_Features.xml
[1237235.520] UpdateIcons - Loading Data/Australia_Icons_Leaders.xml
[1237235.520] UpdateIcons - Loading Data/Australia_Icons_UnitActions.xml
[1237235.520] UpdateIcons - Loading Data/Australia_Icons_UnitPortraits.xml
[1237235.520] UpdateIcons - Loading Data/Australia_Icons_Units.xml
[1237235.520] UISettingHandler - Loading DLC3.dep
[1237235.520] Creating database save point.
[1237235.520] LocalizedText - Loading Text/en_US/Australia_ConfigText.xml
[1237235.520] LocalizedText - Loading Text/Australia_Translations_ConfigText.xml
[1237235.520] LocalizedText - Loading Text/Australia_Translations_ConfigText_China.xml
[1237235.520] Warning: Unable to load ../../../DLC/Australia/Text/Australia_Translations_ConfigText_China.xml
[1237235.520] Warning: LocalizedText - Failed loading XML.
[1237235.520] Successfully released save point.
[1237235.520] UISettingHandler - Loading CivRoyaleScenario.dep
[1237235.520] ModdingUpdateConfigurationDatabase - Loading Data/CivRoyaleScenario_Config.xml
[1237235.520] UpdateColors - Loading Data/CivRoyaleScenario_PlayerColors.xml
[1237235.520] UpdateIcons - Loading Data/CivRoyaleScenario_Icons_Civilizations.xml
[1237235.520] UpdateIcons - Loading Data/CivRoyaleScenario_Icons_Leaders.xml
[1237235.520] UpdateIcons - Loading Data/CivRoyaleScenario_Icons_UnitActions.xml
[1237235.520] UpdateIcons - Loading Data/CivRoyaleScenario_Icons_UnitPortraits.xml
[1237235.520] UpdateIcons - Loading Data/CivRoyaleScenario_Icons_Units.xml
[1237235.520] Creating database save point.
[1237235.520] LocalizedText - Loading Text/en_US/CivRoyaleScenario_ConfigText.xml
[1237235.520] LocalizedText - Loading Text/CivRoyaleScenario_Translations_ConfigText.xml
[1237235.520] LocalizedText - Loading Text/CivRoyaleScenario_Translations_ConfigText_China.xml
[1237235.520] Warning: Unable to load ../../../DLC/CivRoyaleScenario/Text/CivRoyaleScenario_Translations_ConfigText_China.xml
[1237235.520] Warning: LocalizedText - Failed loading XML.
[1237235.520] Successfully released save point.
[1237235.520] ModdingUpdateConfigurationDatabase - Loading AncientRivalsScenario_Config.xml
[1237235.520] ModdingUpdateConfigurationDatabase - Loading ReligiousCombatScenario_Config.xml
[1237235.520] ModdingUpdateConfigurationDatabase - Loading NapoleonScenario_Config.xml
[1237235.520] ModdingUpdateConfigurationDatabase - Loading Data/Indonesia_KhmerScenario_Config.xml
[1237235.520] UISettingHandler - Loading Indonesia_KhmerScenario.dep
[1237235.520] UpdateColors - Loading Data/Indonesia_KhmerScenario_Colors.xml
[1237235.520] UpdateColors - Loading Data/Indonesia_KhmerScenario_PlayerColors.xml
[1237235.520] UpdateIcons - Loading Data/Indonesia_KhmerScenario_Icons_Civilizations.xml
[1237235.520] UpdateIcons - Loading Data/Indonesia_KhmerScenario_Icons_Leaders.xml
[1237235.520] Creating database save point.
[1237235.520] LocalizedText - Loading Text/en_US/Indonesia_KhmerScenario_ConfigText.xml
[1237235.520] LocalizedText - Loading Text/Indonesia_KhmerScenario_Translations_ConfigText.xml
[1237235.520] LocalizedText - Loading Text/Indonesia_KhmerScenario_Translations_ConfigText_China.xml
[1237235.520] Warning: Unable to load ../../../DLC/Indonesia_KhmerScenario/Text/Indonesia_KhmerScenario_Translations_ConfigText_China.xml
[1237235.520] Warning: LocalizedText - Failed loading XML.
[1237235.520] Successfully released save point.
[1237235.520] UpdateColors - Loading Data/VikingsScenario_Colors.xml
[1237235.520] UpdateColors - Loading Data/VikingsScenario_PlayerColors_Config.xml
[1237235.520] UpdateIcons - Loading Data/VikingsScenario_Icons_Config.xml
[1237235.520] ModdingUpdateConfigurationDatabase - Loading Data/VikingsScenario_Config.xml
[1237235.520] Creating database save point.
[1237235.520] LocalizedText - Loading Text/VikingsScenario_Translations_ConfigText.xml
[1237235.520] LocalizedText - Loading Text/VikingsScenario_Translations_ConfigText_China.xml
[1237235.520] Warning: Unable to load ../../../DLC/VikingsScenario/Text/VikingsScenario_Translations_ConfigText_China.xml
[1237235.520] Warning: LocalizedText - Failed loading XML.
[1237235.520] LocalizedText - Loading Text/en_US/VikingsScenario_ConfigText.xml
[1237235.520] Successfully released save point.
[1237235.520] UISettingHandler - Loading VikingScenario.dep
[1237235.520] UpdateIcons - Loading Data/PolandScenario_Icons_Config.xml
[1237235.520] UISettingHandler - Loading PolandScenario.dep
[1237235.520] UpdateColors - Loading Data/PolandScenario_Colors.xml
[1237235.520] UpdateColors - Loading Data/PolandScenario_PlayerColors.xml
[1237235.520] ModdingUpdateConfigurationDatabase - Loading Data/PolandScenario_Config.xml
[1237235.520] Creating database save point.
[1237235.520] LocalizedText - Loading Text/PolandScenario_Translations_ConfigText.xml
[1237235.520] LocalizedText - Loading Text/PolandScenario_Translations_ConfigText_China.xml
[1237235.520] Warning: Unable to load ../../../DLC/PolandScenario/Text/PolandScenario_Translations_ConfigText_China.xml
[1237235.520] Warning: LocalizedText - Failed loading XML.
[1237235.520] LocalizedText - Loading Text/en_US/PolandScenario_ConfigText.xml
[1237235.520] Successfully released save point.
[1237235.520] ModdingUpdateConfigurationDatabase - Loading Data/NubiaScenario_Config.xml
[1237235.520] UISettingHandler - Loading NubiaScenario.dep
[1237235.520] UpdateColors - Loading Data/NubiaScenario_Colors.xml
[1237235.520] UpdateColors - Loading Data/NubiaScenario_PlayerColors.xml
[1237235.520] UpdateIcons - Loading Data/NubiaScenario_Icons_Config.xml
[1237235.520] Creating database save point.
[1237235.520] LocalizedText - Loading Text/en_US/NubiaScenario_ConfigText.xml
[1237235.520] LocalizedText - Loading Text/NubiaScenario_Translations_ConfigText.xml
[1237235.520] LocalizedText - Loading Text/NubiaScenario_Translations_ConfigText_China.xml
[1237235.520] Warning: Unable to load ../../../DLC/NubiaScenario/Text/NubiaScenario_Translations_ConfigText_China.xml
[1237235.520] Warning: LocalizedText - Failed loading XML.
[1237235.520] Successfully released save point.
[1237235.520] UISettingHandler - Loading AlexanderScenario.dep
[1237235.520] ModdingUpdateConfigurationDatabase - Loading Data/AlexanderScenario_Config.xml
[1237235.520] Creating database save point.
[1237235.520] LocalizedText - Loading Text/en_US/AlexanderScenario_ConfigText.xml
[1237235.520] LocalizedText - Loading Text/AlexanderScenario_Translations_ConfigText.xml
[1237235.520] LocalizedText - Loading Text/AlexanderScenario_Translations_ConfigText_China.xml
[1237235.520] Warning: Unable to load ../../../DLC/AlexanderScenario/Text/AlexanderScenario_Translations_ConfigText_China.xml
[1237235.520] Warning: LocalizedText - Failed loading XML.
[1237235.520] Successfully released save point.
[1237235.520] UISettingHandler - Loading Expansion1.dep
[1237235.520] UpdateColors - Loading Data/Expansion1_PlayerColors.xml
[1237235.520] UpdateIcons - Loading Data/Expansion1_Icons_Buildings.xml
[1237235.520] UpdateIcons - Loading Data/Expansion1_Icons_CityStates.xml
[1237235.520] UpdateIcons - Loading Data/Expansion1_Icons_Civilizations.xml
[1237235.520] UpdateIcons - Loading Data/Expansion1_Icons_Districts.xml
[1237235.520] UpdateIcons - Loading Data/Expansion1_Icons_Features.xml
[1237235.520] UpdateIcons - Loading Data/Expansion1_Icons_FontIcons.xml
[1237235.520] UpdateIcons - Loading Data/Expansion1_Icons_Improvements.xml
[1237235.520] UpdateIcons - Loading Data/Expansion1_Icons_Leaders.xml
[1237235.520] UpdateIcons - Loading Data/Expansion1_Icons_UnitPortraits.xml
[1237235.520] UpdateIcons - Loading Data/Expansion1_Icons_Units.xml
[1237235.520] ModdingUpdateConfigurationDatabase - Loading Config/Expansion1_Config.xml
[1237235.520] ModdingUpdateConfigurationDatabase - Loading Config/Expansion1_EarthMaps.xml
[1237235.520] ModdingUpdateConfigurationDatabase - Loading Config/Expansion1_Players.xml
[1237235.520] ModdingUpdateConfigurationDatabase - Loading Config/Expansion1_StandardMaps.xml
[1237235.520] Creating database save point.
[1237235.520] LocalizedText - Loading Text/en_US/Expansion1_ConfigText.xml
[1237235.520] LocalizedText - Loading Text/en_US/Expansion1_HallofFame_Text.xml
[1237235.520] LocalizedText - Loading Text/Expansion1_Translations_ConfigText.xml
[1237235.520] LocalizedText - Loading Text/Expansion1_Translations_ConfigText_China.xml
[1237235.520] Warning: Unable to load ../../../DLC/Expansion1/Text/Expansion1_Translations_ConfigText_China.xml
[1237235.520] Warning: LocalizedText - Failed loading XML.
[1237235.520] Successfully released save point.
[1237235.520] UpdateColors - Loading Data/AustraliaScenario_Colors.xml
[1237235.520] UpdateColors - Loading Data/AustraliaScenario_PlayerColors.xml
[1237235.520] UpdateIcons - Loading Data/AustraliaScenario_Icons_Civilizations.xml
[1237235.520] UpdateIcons - Loading Data/AustraliaScenario_Icons_Leaders.xml
[1237235.520] UISettingHandler - Loading AustraliaScenario.dep
[1237235.520] ModdingUpdateConfigurationDatabase - Loading Data/AustraliaScenario_Config.xml
[1237235.520] Creating database save point.
[1237235.520] LocalizedText - Loading Text/en_US/AustraliaScenario_ConfigText.xml
[1237235.520] LocalizedText - Loading Text/AustraliaScenario_Translations_ConfigText.xml
[1237235.520] LocalizedText - Loading Text/AustraliaScenario_Translations_ConfigText_China.xml
[1237235.520] Warning: Unable to load ../../../DLC/AustraliaScenario/Text/AustraliaScenario_Translations_ConfigText_China.xml
[1237235.520] Warning: LocalizedText - Failed loading XML.
[1237235.520] Successfully released save point.
[1237235.520] UISettingHandler - Loading Expansion2.dep
[1237235.520] Creating database save point.
[1237235.520] LocalizedText - Loading Text/en_US/Expansion1_HallofFame_Text.xml
[1237235.520] LocalizedText - Loading Text/en_US/Expansion2_ConfigText.xml
[1237235.520] LocalizedText - Loading Text/en_US/Expansion2_HallofFame_Text.xml
[1237235.520] LocalizedText - Loading Text/Expansion2_Translations_ConfigText.xml
[1237235.520] LocalizedText - Loading Text/Expansion2_Translations_ConfigText_China.xml
[1237235.520] Warning: Unable to load ../../../DLC/Expansion2/Text/Expansion2_Translations_ConfigText_China.xml
[1237235.520] Warning: LocalizedText - Failed loading XML.
[1237235.520] Successfully released save point.
[1237235.520] ModdingUpdateConfigurationDatabase - Loading Config/Expansion2_Config.xml
[1237235.520] ModdingUpdateConfigurationDatabase - Loading Config/Expansion2_EarthMaps.xml
[1237235.520] ModdingUpdateConfigurationDatabase - Loading Config/Expansion2_Players.xml
[1237235.520] ModdingUpdateConfigurationDatabase - Loading Config/Expansion2_StandardMaps.xml
[1237235.520] UpdateColors - Loading Data/Expansion2_PlayerColors.xml
[1237235.520] UpdateIcons - Loading Data/Expansion1_Icons_FontIcons.xml
[1237235.520] UpdateIcons - Loading Data/Expansion2_Icons_Beliefs.xml
[1237235.520] UpdateIcons - Loading Data/Expansion2_Icons_Buildings.xml
[1237235.520] UpdateIcons - Loading Data/Expansion2_Icons_CityStates.xml
[1237235.520] UpdateIcons - Loading Data/Expansion2_Icons_Civilizations.xml
[1237235.520] UpdateIcons - Loading Data/Expansion2_Icons_DistrictBuildings.xml
[1237235.520] UpdateIcons - Loading Data/Expansion2_Icons_Districts.xml
[1237235.520] UpdateIcons - Loading Data/Expansion2_Icons_EnvironmentalEffects.xml
[1237235.520] UpdateIcons - Loading Data/Expansion2_Icons_Features.xml
[1237235.520] UpdateIcons - Loading Data/Expansion2_Icons_FontIcons.xml
[1237235.520] UpdateIcons - Loading Data/Expansion2_Icons_Leaders.xml
[1237235.520] UpdateIcons - Loading Data/Expansion2_Icons_Stats.xml
[1237235.520] UpdateIcons - Loading Data/Expansion2_Icons_UnitActions.xml
[1237235.520] UpdateIcons - Loading Data/Expansion2_Icons_UnitPortraits.xml
[1237235.520] UpdateIcons - Loading Data/Expansion2_Icons_Units.xml
[1237235.520] UpdateIcons - Loading Data/Expansion2_Icons_Victories.xml
[1237235.520] UpdateIcons - Loading Data/Expansion2_Icons_Yields.xml
[1237235.520] UISettingHandler - Loading TeddyRoosevelt.dep
[1237235.520] UpdateColors - Loading Data/TeddyRoosevelt_Colors.xml
[1237235.520] ModdingUpdateConfigurationDatabase - Loading Data/TeddyRoosevelt_ConfigData.xml
[1237235.520] UpdateIcons - Loading Data/TeddyRoosevelt_Icons.xml
[1237235.520] Creating database save point.
[1237235.520] LocalizedText - Loading Text/en_US/TeddyRoosevelt_ConfigText.xml
[1237235.520] LocalizedText - Loading Text/en_US/TeddyRoosevelt_PackageText.xml
[1237235.520] LocalizedText - Loading Text/TeddyRoosevelt_Translations_ConfigText.xml
[1237235.520] LocalizedText - Loading Text/TeddyRoosevelt_Translations_PackageText.xml
[1237235.520] Successfully released save point.
[1237235.520] UISettingHandler - Loading BarbarianClansMode.dep
[1237235.520] ModdingUpdateConfigurationDatabase - Loading Data/BarbarianClansMode_ConfigData.xml
[1237235.520] UpdateIcons - Loading Data/BarbarianClansMode_Icons.xml
[1237235.520] UpdateIcons - Loading Data/BarbarianClansMode_Icons_GameModes.xml
[1237235.520] Creating database save point.
[1237235.520] LocalizedText - Loading Text/en_US/BarbarianClansMode_ConfigText.xml
[1237235.520] LocalizedText - Loading Text/en_US/BarbarianClansMode_PackageText.xml
[1237235.520] LocalizedText - Loading Text/BarbarianClansMode_Translations_ConfigText.xml
[1237235.520] LocalizedText - Loading Text/BarbarianClansMode_Translations_PackageText.xml
[1237235.520] Successfully released save point.
[1237235.520] UISettingHandler - Loading TreeRandomizer.dep
[1237235.520] ModdingUpdateConfigurationDatabase - Loading Data/TreeRandomizer_ConfigData.xml
[1237235.520] UpdateIcons - Loading Data/TreeRandomizer_Icons_GameModes.xml
[1237235.520] Creating database save point.
[1237235.520] LocalizedText - Loading Text/en_US/TreeRandomizer_ConfigText.xml
[1237235.520] LocalizedText - Loading Text/en_US/TreeRandomizer_PackageText.xml
[1237235.520] LocalizedText - Loading Text/TreeRandomizer_Translations_ConfigText.xml
[1237235.520] LocalizedText - Loading Text/TreeRandomizer_Translations_PackageText.xml
[1237235.520] Successfully released save point.
[1237235.520] UISettingHandler - Loading WarMachineScenario.dep
[1237235.520] UpdateColors - Loading Data/WarMachineScenario_PlayerColors.xml
[1237235.520] UpdateIcons - Loading Data/WarMachineScenario_AllIcons.xml
[1237235.520] ModdingUpdateConfigurationDatabase - Loading Data/WarMachineScenario_Config.xml
[1237235.520] Creating database save point.
[1237235.520] LocalizedText - Loading Text/en_US/WarMachineScenario_ConfigText.xml
[1237235.520] LocalizedText - Loading Text/WarMachineScenario_Translations_ConfigText.xml
[1237235.520] LocalizedText - Loading Text/WarMachineScenario_Translations_ConfigText_China.xml
[1237235.520] Warning: Unable to load ../../../DLC/WarMachineScenario/Text/WarMachineScenario_Translations_ConfigText_China.xml
[1237235.520] Warning: LocalizedText - Failed loading XML.
[1237235.520] Successfully released save point.
[1237235.520] UISettingHandler - Loading GranColombia_Maya.dep
[1237235.520] UpdateColors - Loading Data/GranColombia_Maya_Colors.xml
[1237235.520] ModdingUpdateConfigurationDatabase - Loading Data/GranColombia_Maya_ConfigData.xml
[1237235.520] UpdateIcons - Loading Data/GranColombia_Maya_Icons_Civilizations.xml
[1237235.520] UpdateIcons - Loading Data/GranColombia_Maya_Icons_Districts.xml
[1237235.520] UpdateIcons - Loading Data/GranColombia_Maya_Icons_Emergencies.xml
[1237235.520] UpdateIcons - Loading Data/GranColombia_Maya_Icons_Features.xml
[1237235.520] UpdateIcons - Loading Data/GranColombia_Maya_Icons_FontIcons.xml
[1237235.520] UpdateIcons - Loading Data/GranColombia_Maya_Icons_GameModes.xml
[1237235.520] UpdateIcons - Loading Data/GranColombia_Maya_Icons_Leaders.xml
[1237235.520] UpdateIcons - Loading Data/GranColombia_Maya_Icons_Notifications.xml
[1237235.520] UpdateIcons - Loading Data/GranColombia_Maya_Icons_Resources.xml
[1237235.520] UpdateIcons - Loading Data/GranColombia_Maya_Icons_UnitActions.xml
[1237235.520] UpdateIcons - Loading Data/GranColombia_Maya_Icons_UnitPortraits.xml
[1237235.520] UpdateIcons - Loading Data/GranColombia_Maya_Icons_Units.xml
[1237235.520] UpdateIcons - Loading Data/GranColombia_Maya_Icons_WorldBuilder_Features.xml
[1237235.520] Creating database save point.
[1237235.520] LocalizedText - Loading Text/en_US/GranColombia_Maya_ConfigText.xml
[1237235.520] LocalizedText - Loading Text/en_US/GranColombia_Maya_PackageText.xml
[1237235.520] LocalizedText - Loading Text/GranColombia_Maya_Translations_ConfigText.xml
[1237235.520] LocalizedText - Loading Text/GranColombia_Maya_Translations_PackageText.xml
[1237235.520] Successfully released save point.
[1237235.520] UISettingHandler - Loading Byzantium_Gaul.dep
[1237235.520] ModdingUpdateConfigurationDatabase - Loading Data/Byzantium_Gaul_ConfigData.xml
[1237235.520] ModdingUpdateConfigurationDatabase - Loading Data/Byzantium_Gaul_StandardMaps.xml
[1237235.520] UpdateColors - Loading Data/Byzantium_Gaul_Colors.xml
[1237235.520] Creating database save point.
[1237235.520] LocalizedText - Loading Text/en_US/Byzantium_Gaul_ConfigText.xml
[1237235.520] LocalizedText - Loading Text/en_US/Byzantium_Gaul_PackageText.xml
[1237235.520] LocalizedText - Loading Text/Byzantium_Gaul_Translations_ConfigText.xml
[1237235.520] LocalizedText - Loading Text/Byzantium_Gaul_Translations_PackageText.xml
[1237235.520] Successfully released save point.
[1237235.520] UpdateIcons - Loading Data/Byzantium_Gaul_Icons_Civilizations.xml
[1237235.520] UpdateIcons - Loading Data/Byzantium_Gaul_Icons_Districts.xml
[1237235.520] UpdateIcons - Loading Data/Byzantium_Gaul_Icons_FontIcons.xml
[1237235.520] UpdateIcons - Loading Data/Byzantium_Gaul_Icons_GameModes.xml
[1237235.520] UpdateIcons - Loading Data/Byzantium_Gaul_Icons_Leaders.xml
[1237235.520] UpdateIcons - Loading Data/Byzantium_Gaul_Icons_UnitPortraits.xml
[1237235.520] UpdateIcons - Loading Data/Byzantium_Gaul_Icons_Units.xml
[1237235.520] UpdateIcons - Loading Data/Byzantium_Gaul_Icons_Wonders.xml
[1237235.520] UISettingHandler - Loading KublaiKhan_Vietnam.dep
[1237235.520] ModdingUpdateConfigurationDatabase - Loading Data/KublaiKhan_Vietnam_ConfigData.xml
[1237235.520] ModdingUpdateConfigurationDatabase - Loading Data/KublaiKhan_Vietnam_ConfigData_Mongolia.xml
[1237235.520] UpdateColors - Loading Data/KublaiKhan_Vietnam_Colors.xml
[1237235.520] UpdateIcons - Loading Data/KublaiKhan_Vietnam_Icons_Buildings.xml
[1237235.520] UpdateIcons - Loading Data/KublaiKhan_Vietnam_Icons_Civilizations.xml
[1237235.520] UpdateIcons - Loading Data/KublaiKhan_Vietnam_Icons_Districts.xml
[1237235.520] UpdateIcons - Loading Data/KublaiKhan_Vietnam_Icons_Leaders.xml
[1237235.520] UpdateIcons - Loading Data/KublaiKhan_Vietnam_Icons_UnitPortraits.xml
[1237235.520] UpdateIcons - Loading Data/KublaiKhan_Vietnam_Icons_Units.xml
[1237235.520] UpdateIcons - Loading Data/KublaiKhan_Vietnam_Icons_MODE.xml
[1237235.520] Creating database save point.
[1237235.520] LocalizedText - Loading Text/en_US/KublaiKhan_Vietnam_ConfigText.xml
[1237235.520] LocalizedText - Loading Text/en_US/KublaiKhan_Vietnam_PackageText.xml
[1237235.520] LocalizedText - Loading Text/KublaiKhan_Vietnam_Translations_ConfigText.xml
[1237236.520] LocalizedText - Loading Text/KublaiKhan_Vietnam_Translations_PackageText.xml
[1237236.520] Successfully released save point.
[1237236.520] UpdateColors - Loading Data/BlackDeathScenario_PlayerColors.xml
[1237236.520] UpdateIcons - Loading Data/BlackDeathScenario_Icons_Civilizations.xml
[1237236.520] UpdateIcons - Loading Data/BlackDeathScenario_Icons_Leaders.xml
[1237236.520] UpdateIcons - Loading Data/BlackDeathScenario_Icons_Units.xml
[1237236.520] UISettingHandler - Loading BlackDeathScenario.dep
[1237236.520] ModdingUpdateConfigurationDatabase - Loading Data/BlackDeathScenario_Config.xml
[1237236.520] Creating database save point.
[1237236.520] LocalizedText - Loading Text/en_US/BlackDeathScenario_ConfigText.xml
[1237236.520] LocalizedText - Loading Text/BlackDeathScenario_Translations_ConfigText.xml
[1237236.520] LocalizedText - Loading Text/BlackDeathScenario_Translations_ConfigText_China.xml
[1237236.520] Warning: Unable to load ../../../DLC/BlackDeathScenario/Text/BlackDeathScenario_Translations_ConfigText_China.xml
[1237236.520] Warning: LocalizedText - Failed loading XML.
[1237236.520] Successfully released save point.
[1237236.520] UISettingHandler - Loading CatherineDeMedici.dep
[1237236.520] UpdateColors - Loading Data/CatherineDeMedici_Colors.xml
[1237236.520] ModdingUpdateConfigurationDatabase - Loading Data/CatherineDeMedici_ConfigData.xml
[1237236.520] UpdateIcons - Loading Data/CatherineDeMedici_Icons.xml
[1237236.520] Creating database save point.
[1237236.520] LocalizedText - Loading Text/en_US/CatherineDeMedici_ConfigText.xml
[1237236.520] LocalizedText - Loading Text/en_US/CatherineDeMedici_PackageText.xml
[1237236.520] LocalizedText - Loading Text/CatherineDeMedici_Translations_ConfigText.xml
[1237236.520] LocalizedText - Loading Text/CatherineDeMedici_Translations_PackageText.xml
[1237236.520] Successfully released save point.
[1237236.520] UISettingHandler - Loading Ethiopia.dep
[1237236.520] UpdateColors - Loading Data/Ethiopia_Colors.xml
[1237236.520] UpdateIcons - Loading Data/Ethiopia_Icons_Relics_MODE.xml
[1237236.520] UpdateIcons - Loading Data/Ethiopia_Icons_Buildings.xml
[1237236.520] UpdateIcons - Loading Data/Ethiopia_Icons_Civilizations.xml
[1237236.520] UpdateIcons - Loading Data/Ethiopia_Icons_Districts.xml
[1237236.520] UpdateIcons - Loading Data/Ethiopia_Icons_GameModes.xml
[1237236.520] UpdateIcons - Loading Data/Ethiopia_Icons_Leaders.xml
[1237236.520] UpdateIcons - Loading Data/Ethiopia_Icons_Notifications.xml
[1237236.520] UpdateIcons - Loading Data/Ethiopia_Icons_Projects.xml
[1237236.520] UpdateIcons - Loading Data/Ethiopia_Icons_Resources.xml
[1237236.520] UpdateIcons - Loading Data/Ethiopia_Icons_UnitActions.xml
[1237236.520] UpdateIcons - Loading Data/Ethiopia_Icons_UnitPortraits.xml
[1237236.520] UpdateIcons - Loading Data/Ethiopia_Icons_Units.xml
[1237236.520] ModdingUpdateConfigurationDatabase - Loading Data/Ethiopia_ConfigData.xml
[1237236.520] Creating database save point.
[1237236.520] LocalizedText - Loading Text/en_US/Ethiopia_ConfigText.xml
[1237236.520] LocalizedText - Loading Text/en_US/Ethiopia_PackageText.xml
[1237236.520] LocalizedText - Loading Text/Ethiopia_Translations_ConfigText.xml
[1237236.520] LocalizedText - Loading Text/Ethiopia_Translations_PackageText.xml
[1237236.520] Successfully released save point.
[1237236.520] UISettingHandler - Loading Babylon.dep
[1237236.520] ModdingUpdateConfigurationDatabase - Loading Data/Babylon_ConfigData.xml
[1237236.520] UpdateColors - Loading Data/Babylon_Colors.xml
[1237236.520] UpdateColors - Loading Data/Babylon_Colors_Config.xml
[1237236.520] UpdateIcons - Loading Data/Babylon_Icons_Buildings.xml
[1237236.520] UpdateIcons - Loading Data/Babylon_Icons_Civilizations.xml
[1237236.520] UpdateIcons - Loading Data/Babylon_Icons_FontIcons.xml
[1237236.520] UpdateIcons - Loading Data/Babylon_Icons_GameModes.xml
[1237236.520] UpdateIcons - Loading Data/Babylon_Icons_Leaders.xml
[1237236.520] UpdateIcons - Loading Data/Babylon_Icons_UnitPortraits.xml
[1237236.520] UpdateIcons - Loading Data/Babylon_Icons_Units.xml
[1237236.520] Creating database save point.
[1237236.520] LocalizedText - Loading Text/en_US/Babylon_ConfigText.xml
[1237236.520] LocalizedText - Loading Text/Babylon_Translations_ConfigText.xml
[1237236.520] Successfully released save point.
[1237236.520] UISettingHandler - Loading Portugal.dep
[1237236.520] ModdingUpdateConfigurationDatabase - Loading Data/Portugal_ConfigData.xml
[1237236.520] ModdingUpdateConfigurationDatabase - Loading Data/Portugal_StandardMaps.xml
[1237236.520] UpdateColors - Loading Data/Portugal_Colors.xml
[1237236.520] Creating database save point.
[1237236.520] LocalizedText - Loading Text/en_US/Portugal_ConfigText.xml
[1237236.520] LocalizedText - Loading Text/en_US/Portugal_PackageText.xml
[1237236.520] LocalizedText - Loading Text/Portugal_Translations_ConfigText.xml
[1237236.520] LocalizedText - Loading Text/Portugal_Translations_PackageText.xml
[1237236.520] Successfully released save point.
[1237236.520] UpdateIcons - Loading Data/Portugal_Icons_Buildings.xml
[1237236.520] UpdateIcons - Loading Data/Portugal_Icons_Civilizations.xml
[1237236.520] UpdateIcons - Loading Data/Portugal_Icons_Leaders.xml
[1237236.520] UpdateIcons - Loading Data/Portugal_Icons_UnitActions.xml
[1237236.520] UpdateIcons - Loading Data/Portugal_Icons_UnitPortraits.xml
[1237236.520] UpdateIcons - Loading Data/Portugal_Icons_Units.xml
[1237236.520] UpdateIcons - Loading Data/Portugal_Icons_Wonders.xml
[1237236.520] UpdateIcons - Loading Data/Zombies_Icons_GameModes.xml
[1237236.520] Modding Framework - Finished Apply Settings
[1237236.520] ConfigureContent - Importing implicit files, post settings
[1237236.520] Successfully reconfigured game.
[1237236.520] Mod Art Files - Loading VikingScenario.dep
[1237236.520] Mod Art Files - Loading TeddyRoosevelt.dep
[1237236.520] Mod Art Files - Loading BarbarianClansMode.dep
[1237236.520] Mod Art Files - Loading TreeRandomizer.dep
[1237236.520] Mod Art Files - Loading Expansion1.dep
[1237236.520] Mod Art Files - Loading Ethiopia.dep
[1237236.520] Mod Art Files - Loading DLC6.dep
[1237237.520] Mod Art Files - Loading AlexanderScenario.dep
[1237237.520] Mod Art Files - Loading VikingsLandmarks.dep
[1237237.520] Mod Art Files - Loading DLC2.dep
[1237237.520] Mod Art Files - Loading Expansion2.dep
[1237237.520] Mod Art Files - Loading WarMachineScenario.dep
[1237237.520] Mod Art Files - Loading DLC5.dep
[1237237.520] Mod Art Files - Loading NubiaScenario.dep
[1237237.520] Mod Art Files - Loading Babylon.dep
[1237237.520] Mod Art Files - Loading Indonesia_KhmerScenario.dep
[1237237.520] Mod Art Files - Loading GranColombia_Maya.dep
[1237237.520] Mod Art Files - Loading Byzantium_Gaul.dep
[1237237.520] Mod Art Files - Loading KublaiKhan_Vietnam.dep
[1237237.520] Mod Art Files - Loading PiratesScenario.dep
[1237237.520] Mod Art Files - Loading BlackDeathScenario.dep
[1237237.520] Mod Art Files - Loading PolandScenario.dep
[1237237.520] Mod Art Files - Loading CatherineDeMedici.dep
[1237237.520] Mod Art Files - Loading AustraliaScenario.dep
[1237237.520] Mod Art Files - Loading DLC4.dep
[1237237.520] Mod Art Files - Loading DLC3.dep
[1237237.520] Mod Art Files - Loading CivRoyaleScenario.dep
[1237237.520] Mod Art Files - Loading Portugal.dep
[1237237.520] SteamCallback - SteamUGCQueryCompleted_t - 1
[1237257.520] Discovering new mods...
[1237258.520] Finished Discovery.
[1237258.520] Discovery Summary:
[1237258.520] Deleted 0 mods.
[1237258.520] Discovered 0 mods.
[1237258.520] Discovering Mods took - 971ms.
[1237259.520] No need to reconfigure game content, marking it finished
[1237265.520] No need to reconfigure game content, marking it finished
[1237268.520] No need to reconfigure game content, marking it finished
[1237281.520] No need to reconfigure game content, marking it finished
[1237284.520] No need to reconfigure game content, marking it finished
[1237287.520] No need to reconfigure game content, marking it finished
[1237307.520] No need to reconfigure game content, marking it finished
[1237356.520] Warning: The activation order of mods is not the same as it was with a prior sorting algorithm.
[1237356.520] Configuring game content
[1237356.520] Enabled Mods (in no particular order):
[1237356.520] 02A8BDDE-67EA-4D38-9540-26E685E3156E (LOC_AZTEC_MONTEZUMA_MOD_TITLE)
[1237356.520] 05698E46-1032-43C7-A40C-FA3D02858D2A (LOC_MOD_VIKINGS_SCENARIO_TITLE)
[1237356.520] 113D9459-0A3B-4FCB-A49C-483F40303575 (Teddy Roosevelt Persona Pack)
[1237356.520] 19ED1A36-D744-4A58-8F8B-0376C2BA86E5 (Barbarian Clans Game Mode)
[1237356.520] 19d1c7ec-54de-11ea-a2e3-2e728ce88125 (Tech and Civic Shuffle Game Mode)
[1237356.520] 1B28771A-C749-434B-9053-D1380C553DE9 (LOC_EXPANSION1_MOD_TITLE)
[1237356.520] 1B394FE9-23DC-4868-8F0A-5220CB8FB427 (Ethiopia Pack)
[1237356.520] 1F367231-A040-4793-BDBB-088816853683 (LOC_INDONESIA_KHMER_MOD_TITLE)
[1237356.520] 2F3A65C2-0883-4BF6-8C70-EDA688C66F3C (LOC_MOD_ALEXANDER_SCENARIO_TITLE)
[1237356.520] 2F6E858A-28EF-46B3-BEAC-B985E52E9BC1 (LOC_MOD_VIKINGSLANDMARKS_TITLE)
[1237356.520] 3809975F-263F-40A2-A747-8BFB171D821A (LOC_POLAND_JADWIGA_MOD_TITLE)
[1237356.520] 4873eb62-8ccc-4574-b784-dda455e74e68 (LOC_EXPANSION2_MOD_TITLE)
[1237356.520] 5B0445C9-1376-45AD-9B51-C96A83A8F17D (LOC_WARMACHINE_MOD_TITLE)
[1237356.520] 643EA320-8E1A-4CF1-A01C-00D88DDD131A (LOC_NUBIA_MOD_TITLE)
[1237356.520] 648CD2A8-057A-4EB5-9E41-E1F7D86B5443 (LOC_COLDWAR_MOD_TITLE)
[1237356.520] 70c9b163-18cb-46bf-a326-e8369666d722 (AI+)
[1237356.520] 7619F77B-BAA7-4912-AA6E-45C124E6ECFD (LOC_MOD_NUBIA_SCENARIO_TITLE)
[1237356.520] 8424840C-92EF-4426-A9B4-B4E0CB818049 (Babylon Pack)
[1237356.520] 8550ED6C-E370-426C-80CD-AB4B46B201DD (LOC_MOD_INDONESIA_KHMER_SCENARIO_TITLE)
[1237356.520] 9DE86512-DE1A-400D-8C0A-AB46EBBF76B9 (Maya and Gran Colombia Pack)
[1237356.520] A1100FC4-70F2-4129-AC27-2A65A685ED08 (Byzantium and Gaul Pack)
[1237356.520] A3F42CD4-6C3E-4F5A-BC81-BE29E0C0B87C (Vietnam and Kublai Khan Pack)
[1237356.520] A55FAFB4-9070-4597-9453-B28A99910CDA (Multiplayer Scenario: Pirates)
[1237356.520] C1F775D8-59B5-401B-B86D-78FAF3446EC7 (LOC_BLACKDEATH_MOD_TITLE)
[1237356.520] CD953AD5-2869-4654-91EC-E48D118EF3F3 (LOC_MOD_POLAND_SCENARIO_TITLE)
[1237356.520] CE5876CD-6900-46D1-9C9C-8DBA1F28872E (Catherine de Medici Persona Pack)
[1237356.520] D70C8F1F-3954-460F-A9D9-09498BF773C9 (LOC_MOD_AUSTRALIA_SCENARIO_TITLE)
[1237356.520] E2749E9A-8056-45CD-901B-C368C8E83DEB (LOC_MACEDONIA_PERSIA_MOD_TITLE)
[1237356.520] E3F53C61-371C-440B-96CE-077D318B36C0 (LOC_AUSTRALIA_MOD_TITLE)
[1237356.520] F264EE10-F21B-4A9A-BBCD-D534E9843E90 (LOC_CIV_ROYALE_MOD_TITLE)
[1237356.520] F653805E-F7C8-44E1-8CBD-FB48D7AABCBA (LOC_ANCIENT_RIVALS_MOD_TITLE)
[1237356.520] FFDF4E79-DEE2-47BB-919B-F5739106627A (Portugal Pack)
[1237356.520] {455B6E2D-821D-4D49-9FCD-FC950AC6A521} (LOC_RELIGIOUS_COMBAT_MOD_TITLE)
[1237356.520] {5E991A08-08FD-4774-968B-A85377ECF60D} (LOC_NAPOLEON_MOD_TITLE)
[1237356.520] Target Mods (in no particular order):
[1237356.520] 2F3A65C2-0883-4BF6-8C70-EDA688C66F3C (LOC_MOD_ALEXANDER_SCENARIO_TITLE)
[1237356.520] 70c9b163-18cb-46bf-a326-e8369666d722 (AI+)
[1237356.520] E2749E9A-8056-45CD-901B-C368C8E83DEB (LOC_MACEDONIA_PERSIA_MOD_TITLE)
[1237356.520] Game configuration needs to change to match target config.
[1237356.520] Performing pre-configure processing.
[1237356.520] Rebuilding configuration database.
[1237356.520] Reverted Localization database to its original state.
[1237356.520] Reverted Configuration database to its original state.
[1237356.520] ConfigureContent - Importing implicit files, pre settings
[1237356.520] Applying settings.
[1237356.520] Modding Framework - Apply Settings
[1237356.520] UISettingHandler - Loading DLC4.dep
[1237356.520] ModdingUpdateConfigurationDatabase - Loading Data/Macedonia_Persia_ConfigData.xml
[1237356.520] UpdateColors - Loading Data/Macedonia_Persia_Colors.xml
[1237356.520] UpdateColors - Loading Data/Macedonia_Persia_PlayerColors.xml
[1237356.520] UpdateIcons - Loading Data/Macedonia_Persia_Icons_Buildings.xml
[1237356.520] UpdateIcons - Loading Data/Macedonia_Persia_Icons_Civilizations.xml
[1237356.520] UpdateIcons - Loading Data/Macedonia_Persia_Icons_Leaders.xml
[1237356.520] UpdateIcons - Loading Data/Macedonia_Persia_Icons_UnitActions.xml
[1237356.520] UpdateIcons - Loading Data/Macedonia_Persia_Icons_UnitPortraits.xml
[1237356.520] UpdateIcons - Loading Data/Macedonia_Persia_Icons_Units.xml
[1237356.520] Creating database save point.
[1237356.520] LocalizedText - Loading Text/en_US/Macedonia_Persia_ConfigText.xml
[1237356.520] LocalizedText - Loading Text/Macedonia_Persia_Translations_ConfigText.xml
[1237356.520] LocalizedText - Loading Text/Macedonia_Persia_Translations_ConfigText_China.xml
[1237356.520] Warning: Unable to load ../../../DLC/Macedonia_Persia/Text/Macedonia_Persia_Translations_ConfigText_China.xml
[1237356.520] Warning: LocalizedText - Failed loading XML.
[1237356.520] Successfully released save point.
[1237356.520] UISettingHandler - Loading AlexanderScenario.dep
[1237356.520] ModdingUpdateConfigurationDatabase - Loading Data/AlexanderScenario_Config.xml
[1237356.520] Creating database save point.
[1237356.520] LocalizedText - Loading Text/en_US/AlexanderScenario_ConfigText.xml
[1237356.520] LocalizedText - Loading Text/AlexanderScenario_Translations_ConfigText.xml
[1237356.520] LocalizedText - Loading Text/AlexanderScenario_Translations_ConfigText_China.xml
[1237356.520] Warning: Unable to load ../../../DLC/AlexanderScenario/Text/AlexanderScenario_Translations_ConfigText_China.xml
[1237356.520] Warning: LocalizedText - Failed loading XML.
[1237356.520] Successfully released save point.
[1237356.520] Modding Framework - Finished Apply Settings
[1237356.520] ConfigureContent - Importing implicit files, post settings
[1237356.520] Successfully reconfigured game.
[1237357.520] No need to reconfigure game content, marking it finished
[1237357.520] ************************************************************
[1237357.520] Updating game content
[1237357.520] ************************************************************
[1237357.520] No need to reconfigure game content, marking it finished
[1237357.520] Applied in-game actions (in order of application):
[1237357.520] No active mods.
[1237357.520] Target in-game actions (in order of application):
[1237357.520] E2749E9A-8056-45CD-901B-C368C8E83DEB (LOC_MACEDONIA_PERSIA_MOD_TITLE)
[1237357.520]  * MacedoniaArt (UpdateArt)
[1237357.520]  * MacedoniaAudio (UpdateAudio)
[1237357.520]  * MacedoniaGameplay (UpdateDatabase)
[1237357.520]  * MacedoniaGameplayIcons (UpdateIcons)
[1237357.520]  * MacedoniaText (UpdateText)
[1237357.520] 2F3A65C2-0883-4BF6-8C70-EDA688C66F3C (LOC_MOD_ALEXANDER_SCENARIO_TITLE)
[1237357.520]  * AlexanderScenarioArt (UpdateArt)
[1237357.520]  * AlexanderScenarioColors (UpdateColors)
[1237357.520]  * AlexanderScenarioGameplayIcons (UpdateIcons)
[1237357.520]  * AlexanderScenarioARX (UpdateLogitechARX)
[1237357.520]  * AlexanderScenarioScripts (AddGameplayScripts)
[1237357.520]  * WorldRankings_AlexanderScenario (ReplaceUIScript)
[1237357.520]  * AlexanderScenarioUI (ImportFiles)
[1237357.520]  * AlexanderScenarioGameplay (UpdateDatabase)
[1237357.520]  * AlexanderScenarioText (UpdateText)
[1237357.520] 70c9b163-18cb-46bf-a326-e8369666d722 (AI+)
[1237357.520]  * Gameplay (UpdateDatabase)
[1237357.520] Game content needs to change to match target config.
[1237357.520] Performing pre configure processing.
[1237357.520] Unloading Gameplay DLL.
[1237357.520] Reloading Gameplay DLL.
[1237357.520] Reverted Localization database to its original state.
[1237357.520] Rebuilding gameplay database.
[1237357.520] Reverted Gameplay database to its original state.
[1237357.520] Updating gameplay database with embedded GameCore data.
[1237357.520] Updated gameplay database with GameCore data.
[1237357.520] Applying mod components.
[1237357.520] UpdateContent - Importing implicit files, pre components
[1237357.520] Modding Framework - Applying Components
[1237357.520] Applying Component - MacedoniaArt (UpdateArt)
[1237357.520] ModArtLoader - Loading DLC4.dep
[1237357.520] Applying Component - MacedoniaAudio (UpdateAudio)
[1237357.520] UpdateAudio - Loading Platforms/Windows/Audio/DLC04Banks.ini
[1237357.520] UpdateAudio - Loading Platforms/Windows/Audio/DLC04_Music_Bank.bnk
[1237357.520] UpdateAudio - Loading Platforms/Windows/Audio/DLC04_Music_Bank.txt
[1237357.520] UpdateAudio - Loading Platforms/Windows/Audio/DLC04_Music_Bank.xml
[1237357.520] Applying Component - MacedoniaGameplay (UpdateDatabase)
[1237357.520] UpdateDatabase - Loading Data/Macedonia_Persia_GameplayData.xml
[1237357.520] Applying Component - MacedoniaGameplayIcons (UpdateIcons)
[1237357.520] UpdateIcons - Loading Data/Macedonia_Persia_Icons_Buildings.xml
[1237357.520] UpdateIcons - Loading Data/Macedonia_Persia_Icons_Civilizations.xml
[1237357.520] UpdateIcons - Loading Data/Macedonia_Persia_Icons_Leaders.xml
[1237357.520] UpdateIcons - Loading Data/Macedonia_Persia_Icons_UnitActions.xml
[1237357.520] UpdateIcons - Loading Data/Macedonia_Persia_Icons_UnitPortraits.xml
[1237357.520] UpdateIcons - Loading Data/Macedonia_Persia_Icons_Units.xml
[1237357.520] UpdateIcons - Loading Data/Macedonia_Persia_Icons_Wonders.xml
[1237357.520] Applying Component - MacedoniaText (UpdateText)
[1237357.520] Creating database save point.
[1237357.520] LocalizedText - Loading Text/en_US/Macedonia_Persia_CivilopediaText.xml
[1237357.520] LocalizedText - Loading Text/en_US/Macedonia_Persia_ConfigText.xml
[1237357.520] LocalizedText - Loading Text/en_US/Macedonia_Persia_GameplayText.xml
[1237357.520] LocalizedText - Loading Text/Macedonia_Persia_Translations_ConfigText.xml
[1237357.520] LocalizedText - Loading Text/Macedonia_Persia_Translations_ConfigText_China.xml
[1237357.520] Warning: Unable to load ../../../DLC/Macedonia_Persia/Text/Macedonia_Persia_Translations_ConfigText_China.xml
[1237357.520] Warning: LocalizedText - Failed loading XML.
[1237357.520] LocalizedText - Loading Text/Macedonia_Persia_Translations_Text.xml
[1237357.520] LocalizedText - Loading Text/Macedonia_Persia_Translations_Text_China.xml
[1237357.520] Warning: Unable to load ../../../DLC/Macedonia_Persia/Text/Macedonia_Persia_Translations_Text_China.xml
[1237357.520] Warning: LocalizedText - Failed loading XML.
[1237357.520] Successfully released save point.
[1237357.520] Applying Component - AlexanderScenarioArt (UpdateArt)
[1237357.520] ModArtLoader - Loading AlexanderScenario.dep
[1237357.520] Applying Component - AlexanderScenarioColors (UpdateColors)
[1237357.520] UpdateColors - Loading Data/AlexanderScenario_PlayerColors.xml
[1237357.520] Applying Component - AlexanderScenarioGameplayIcons (UpdateIcons)
[1237357.520] UpdateIcons - Loading Data/AlexanderScenario_Icons_Civilizations.xml
[1237357.520] Applying Component - AlexanderScenarioARX (UpdateLogitechARX)
[1237357.520] UpdateARX - Loading Data/ARX/Civ_LEADER_ALEXANDER.png
[1237357.520] UpdateARX - Loading Data/ARX/Civ_LEADER_DARIUS_III.png
[1237357.520] UpdateARX - Loading Data/ARX/index.html
[1237357.520] Applying Component - AlexanderScenarioScripts (AddGameplayScripts)
[1237357.520] GameplayScripts - Registering ../../../DLC/AlexanderScenario/Scripts/AlexanderScenario.lua
[1237357.520] Applying Component - WorldRankings_AlexanderScenario (ReplaceUIScript)
[1237357.520] Applying Component - AlexanderScenarioUI (ImportFiles)
[1237357.520] Applying Component - AlexanderScenarioGameplay (UpdateDatabase)
[1237357.520] UpdateDatabase - Loading Data/AlexanderScenario_RemoveData.xml
[1237366.520] UpdateDatabase - Loading Data/AlexanderScenario_Buildings.xml
[1237366.520] UpdateDatabase - Loading Data/AlexanderScenario_Civilizations.xml
[1237366.520] UpdateDatabase - Loading Data/AlexanderScenario_Districts.xml
[1237366.520] UpdateDatabase - Loading Data/AlexanderScenario_Eras.xml
[1237366.520] UpdateDatabase - Loading Data/AlexanderScenario_Features.xml
[1237366.520] UpdateDatabase - Loading Data/AlexanderScenario_GameSpeeds.xml
[1237366.520] UpdateDatabase - Loading Data/AlexanderScenario_GlobalParameters.xml
[1237366.520] UpdateDatabase - Loading Data/AlexanderScenario_GreatPeople.xml
[1237366.520] UpdateDatabase - Loading Data/AlexanderScenario_Improvements.xml
[1237366.520] UpdateDatabase - Loading Data/AlexanderScenario_Leaders.xml
[1237366.520] UpdateDatabase - Loading Data/AlexanderScenario_Resources.xml
[1237366.520] UpdateDatabase - Loading Data/AlexanderScenario_Routes.xml
[1237366.520] UpdateDatabase - Loading Data/AlexanderScenario_Units.xml
[1237366.520] UpdateDatabase - Loading Data/AlexanderScenario_Victories.xml
[1237367.520] Applying Component - AlexanderScenarioText (UpdateText)
[1237367.520] Creating database save point.
[1237367.520] LocalizedText - Loading Text/en_US/AlexanderScenario_CivilopediaText.xml
[1237367.520] LocalizedText - Loading Text/en_US/AlexanderScenario_ConfigText.xml
[1237367.520] LocalizedText - Loading Text/en_US/AlexanderScenario_Text.xml
[1237367.520] LocalizedText - Loading Text/AlexanderScenario_Translations_ConfigText.xml
[1237367.520] LocalizedText - Loading Text/AlexanderScenario_Translations_ConfigText_China.xml
[1237367.520] Warning: Unable to load ../../../DLC/AlexanderScenario/Text/AlexanderScenario_Translations_ConfigText_China.xml
[1237367.520] Warning: LocalizedText - Failed loading XML.
[1237367.520] LocalizedText - Loading Text/AlexanderScenario_Translations_Text.xml
[1237367.520] LocalizedText - Loading Text/AlexanderScenario_Translations_Text_China.xml
[1237367.520] Warning: Unable to load ../../../DLC/AlexanderScenario/Text/AlexanderScenario_Translations_Text_China.xml
[1237367.520] Warning: LocalizedText - Failed loading XML.
[1237367.520] Successfully released save point.
[1237367.520] Applying Component - Gameplay (UpdateDatabase)
[1237367.520] UpdateDatabase - Loading addleaders.sql
[1237367.520] UpdateDatabase - Loading behaviortrees.xml
[1237367.520] UpdateDatabase - Loading core.xml
[1237367.520] UpdateDatabase - Loading diplomacy.xml
[1237367.520] UpdateDatabase - Loading individualization.xml
[1237367.520] UpdateDatabase - Loading military.xml
[1237367.520] UpdateDatabase - Loading military_zerg.xml
[1237367.520] UpdateDatabase - Loading minor.xml
[1237367.520] Modding Framework - Finished Apply Components
[1237367.520] Applied all components of enabled mods.
[1237367.520] UpdateContent - Importing implicit files, post components
[1237367.520] ERROR: Failed to apply updates to gameplay database.
[1237367.520] ERROR: Rolling back database to a good state.
[1237367.520] Localization database has been updated.  Caching data.
[1237367.520] Performing a complete rollback to vanilla.
[1237367.520] Unloading Gameplay DLL.
[1237367.520] Loading Base Gameplay DLL.
[1237367.520] Reverted Gameplay database to its original state.
[1237367.520] Reverted Localization database to its original state.
[1237368.520] Updating gameplay database with embedded GameCore data.
[1237368.520] Initializing Gameplay DLL.
[1237368.520] Saving a debug version of the gameplay database.
[1237368.520] Performing post configure processing.
[1237368.520] Reloading icons.
[1237368.520] Reloading colors.
[1237369.520] Warning: There were issues reconfiguring the game.
[1237370.520] Configuring game content
[1237370.520] Enabled Mods (in no particular order):
[1237370.520] 2F3A65C2-0883-4BF6-8C70-EDA688C66F3C (LOC_MOD_ALEXANDER_SCENARIO_TITLE)
[1237370.520] 70c9b163-18cb-46bf-a326-e8369666d722 (AI+)
[1237370.520] E2749E9A-8056-45CD-901B-C368C8E83DEB (LOC_MACEDONIA_PERSIA_MOD_TITLE)
[1237370.520] Target Mods (in no particular order):
[1237370.520] 02A8BDDE-67EA-4D38-9540-26E685E3156E (LOC_AZTEC_MONTEZUMA_MOD_TITLE)
[1237370.520] 05698E46-1032-43C7-A40C-FA3D02858D2A (LOC_MOD_VIKINGS_SCENARIO_TITLE)
[1237370.520] 113D9459-0A3B-4FCB-A49C-483F40303575 (Teddy Roosevelt Persona Pack)
[1237370.520] 19ED1A36-D744-4A58-8F8B-0376C2BA86E5 (Barbarian Clans Game Mode)
[1237370.520] 19d1c7ec-54de-11ea-a2e3-2e728ce88125 (Tech and Civic Shuffle Game Mode)
[1237370.520] 1B28771A-C749-434B-9053-D1380C553DE9 (LOC_EXPANSION1_MOD_TITLE)
[1237370.520] 1B394FE9-23DC-4868-8F0A-5220CB8FB427 (Ethiopia Pack)
[1237370.520] 1F367231-A040-4793-BDBB-088816853683 (LOC_INDONESIA_KHMER_MOD_TITLE)
[1237370.520] 2F3A65C2-0883-4BF6-8C70-EDA688C66F3C (LOC_MOD_ALEXANDER_SCENARIO_TITLE)
[1237370.520] 2F6E858A-28EF-46B3-BEAC-B985E52E9BC1 (LOC_MOD_VIKINGSLANDMARKS_TITLE)
[1237370.520] 3809975F-263F-40A2-A747-8BFB171D821A (LOC_POLAND_JADWIGA_MOD_TITLE)
[1237370.520] 4873eb62-8ccc-4574-b784-dda455e74e68 (LOC_EXPANSION2_MOD_TITLE)
[1237370.520] 5B0445C9-1376-45AD-9B51-C96A83A8F17D (LOC_WARMACHINE_MOD_TITLE)
[1237370.520] 643EA320-8E1A-4CF1-A01C-00D88DDD131A (LOC_NUBIA_MOD_TITLE)
[1237370.520] 648CD2A8-057A-4EB5-9E41-E1F7D86B5443 (LOC_COLDWAR_MOD_TITLE)
[1237370.520] 70c9b163-18cb-46bf-a326-e8369666d722 (AI+)
[1237370.520] 7619F77B-BAA7-4912-AA6E-45C124E6ECFD (LOC_MOD_NUBIA_SCENARIO_TITLE)
[1237370.520] 8424840C-92EF-4426-A9B4-B4E0CB818049 (Babylon Pack)
[1237370.520] 8550ED6C-E370-426C-80CD-AB4B46B201DD (LOC_MOD_INDONESIA_KHMER_SCENARIO_TITLE)
[1237370.520] 9DE86512-DE1A-400D-8C0A-AB46EBBF76B9 (Maya and Gran Colombia Pack)
[1237370.520] A1100FC4-70F2-4129-AC27-2A65A685ED08 (Byzantium and Gaul Pack)
[1237370.520] A3F42CD4-6C3E-4F5A-BC81-BE29E0C0B87C (Vietnam and Kublai Khan Pack)
[1237370.520] A55FAFB4-9070-4597-9453-B28A99910CDA (Multiplayer Scenario: Pirates)
[1237370.520] C1F775D8-59B5-401B-B86D-78FAF3446EC7 (LOC_BLACKDEATH_MOD_TITLE)
[1237370.520] CD953AD5-2869-4654-91EC-E48D118EF3F3 (LOC_MOD_POLAND_SCENARIO_TITLE)
[1237370.520] CE5876CD-6900-46D1-9C9C-8DBA1F28872E (Catherine de Medici Persona Pack)
[1237370.520] D70C8F1F-3954-460F-A9D9-09498BF773C9 (LOC_MOD_AUSTRALIA_SCENARIO_TITLE)
[1237370.520] E2749E9A-8056-45CD-901B-C368C8E83DEB (LOC_MACEDONIA_PERSIA_MOD_TITLE)
[1237370.520] E3F53C61-371C-440B-96CE-077D318B36C0 (LOC_AUSTRALIA_MOD_TITLE)
[1237370.520] F264EE10-F21B-4A9A-BBCD-D534E9843E90 (LOC_CIV_ROYALE_MOD_TITLE)
[1237370.520] F653805E-F7C8-44E1-8CBD-FB48D7AABCBA (LOC_ANCIENT_RIVALS_MOD_TITLE)
[1237370.520] FFDF4E79-DEE2-47BB-919B-F5739106627A (Portugal Pack)
[1237370.520] {455B6E2D-821D-4D49-9FCD-FC950AC6A521} (LOC_RELIGIOUS_COMBAT_MOD_TITLE)
[1237370.520] {5E991A08-08FD-4774-968B-A85377ECF60D} (LOC_NAPOLEON_MOD_TITLE)
[1237370.520] Warning: The activation order of mods is not the same as it was with a prior sorting algorithm.
[1237370.520] Warning: The activation order of mods is not the same as it was with a prior sorting algorithm.
[1237370.520] Game configuration needs to change to match target config.
[1237370.520] Performing pre-configure processing.
[1237370.520] Rebuilding configuration database.
[1237370.520] Localization database unchanged, no rollback needed.
[1237370.520] Reverted Configuration database to its original state.
[1237370.520] ConfigureContent - Importing implicit files, pre settings
[1237370.520] Applying settings.
[1237370.520] Modding Framework - Apply Settings
[1237370.520] UpdateColors - Loading Data/Aztec_Montezuma_Colors.xml
[1237370.520] ModdingUpdateConfigurationDatabase - Loading Data/Aztec_Montezuma_ConfigData.xml
[1237370.520] ModdingUpdateConfigurationDatabase - Loading Data/Indonesia_Khmer_ConfigData.xml
[1237370.520] UISettingHandler - Loading DLC6.dep
[1237370.520] UpdateColors - Loading Data/Indonesia_Khmer_Colors.xml
[1237370.520] Creating database save point.
[1237370.520] LocalizedText - Loading Text/en_US/Indonesia_Khmer_ConfigText.xml
[1237370.520] LocalizedText - Loading Text/Indonesia_Khmer_Translations_ConfigText.xml
[1237370.520] LocalizedText - Loading Text/Indonesia_Khmer_Translations_ConfigText_China.xml
[1237370.520] Warning: Unable to load ../../../DLC/Indonesia_Khmer/Text/Indonesia_Khmer_Translations_ConfigText_China.xml
[1237370.520] Warning: LocalizedText - Failed loading XML.
[1237370.520] Successfully released save point.
[1237370.520] UpdateIcons - Loading Data/Indonesia_Khmer_Icons_Buildings.xml
[1237370.520] UpdateIcons - Loading Data/Indonesia_Khmer_Icons_Civilizations.xml
[1237370.520] UpdateIcons - Loading Data/Indonesia_Khmer_Icons_Features.xml
[1237370.520] UpdateIcons - Loading Data/Indonesia_Khmer_Icons_Leaders.xml
[1237370.520] UpdateIcons - Loading Data/Indonesia_Khmer_Icons_UnitActions.xml
[1237370.520] UpdateIcons - Loading Data/Indonesia_Khmer_Icons_UnitPortraits.xml
[1237370.520] UpdateIcons - Loading Data/Indonesia_Khmer_Icons_Units.xml
[1237370.520] UpdateIcons - Loading Data/Indonesia_Khmer_Icons_Wonders.xml
[1237370.520] UISettingHandler - Loading VikingsLandmarks.dep
[1237370.520] UpdateColors - Loading Data/VikingsLandmarks_Colors.xml
[1237370.520] ModdingUpdateConfigurationDatabase - Loading Data/VikingsLandmarks_Config.xml
[1237370.520] UpdateIcons - Loading Data/VikingsLandmarks_Icons_Civilizations.xml
[1237370.520] UpdateIcons - Loading Data/VikingsLandmarks_Icons_Features.xml
[1237370.520] Creating database save point.
[1237370.520] LocalizedText - Loading Text/en_US/VikingsLandmarks_ConfigText.xml
[1237370.520] LocalizedText - Loading Text/VikingsLandmarks_Translations_ConfigText.xml
[1237370.520] LocalizedText - Loading Text/VikingsLandmarks_Translations_ConfigText_China.xml
[1237370.520] Warning: Unable to load ../../../DLC/VikingsLandmarks/Text/VikingsLandmarks_Translations_ConfigText_China.xml
[1237370.520] Warning: LocalizedText - Failed loading XML.
[1237370.520] Successfully released save point.
[1237370.520] UISettingHandler - Loading DLC2.dep
[1237370.520] UpdateColors - Loading Data/Poland_Jadwiga_Colors.xml
[1237370.520] ModdingUpdateConfigurationDatabase - Loading Data/Poland_Jadwiga_ConfigData.xml
[1237370.520] UpdateIcons - Loading Data/Poland_Jadwiga_Icons_Buildings.xml
[1237370.520] UpdateIcons - Loading Data/Poland_Jadwiga_Icons_Civilizations.xml
[1237370.520] UpdateIcons - Loading Data/Poland_Jadwiga_Icons_Leaders.xml
[1237370.520] UpdateIcons - Loading Data/Poland_Jadwiga_Icons_Units.xml
[1237370.520] Creating database save point.
[1237370.520] LocalizedText - Loading Text/Poland_Translations_ConfigText.xml
[1237370.520] LocalizedText - Loading Text/en_US/Poland_Jadwiga_ConfigText.xml
[1237370.520] Successfully released save point.
[1237370.520] ModdingUpdateConfigurationDatabase - Loading Data/Nubia_ConfigData.xml
[1237370.520] UISettingHandler - Loading DLC5.dep
[1237370.520] UpdateColors - Loading Data/Nubia_Colors.xml
[1237370.520] UpdateColors - Loading Data/Nubia_PlayerColors.xml
[1237370.520] Creating database save point.
[1237370.520] LocalizedText - Loading Text/en_US/Nubia_ConfigText.xml
[1237370.520] LocalizedText - Loading Text/Nubia_Amanitore_Translations_ConfigText.xml
[1237370.520] LocalizedText - Loading Text/Nubia_Amanitore_Translations_ConfigText_China.xml
[1237370.520] Warning: Unable to load ../../../DLC/Nubia_Amanitore/Text/Nubia_Amanitore_Translations_ConfigText_China.xml
[1237370.520] Warning: LocalizedText - Failed loading XML.
[1237370.520] Successfully released save point.
[1237370.520] UpdateIcons - Loading Data/Nubia_Icons_Civilizations.xml
[1237370.520] UpdateIcons - Loading Data/Nubia_Icons_Leaders.xml
[1237370.520] UpdateIcons - Loading Data/Nubia_Icons_UnitActions.xml
[1237370.520] UpdateIcons - Loading Data/Nubia_Icons_UnitPortraits.xml
[1237370.520] UpdateIcons - Loading Data/Nubia_Icons_Units.xml
[1237370.520] ModdingUpdateConfigurationDatabase - Loading ColdWarScenario_Config.xml
[1237370.520] UISettingHandler - Loading PiratesScenario.dep
[1237370.520] ModdingUpdateConfigurationDatabase - Loading Data/PiratesScenario_Config.xml
[1237370.520] UpdateColors - Loading Data/PiratesScenario_PlayerColors.xml
[1237370.520] UpdateIcons - Loading Data/PiratesScenario_Icons_Civilizations.xml
[1237370.520] UpdateIcons - Loading Data/PiratesScenario_Icons_Leaders.xml
[1237370.520] Creating database save point.
[1237370.520] LocalizedText - Loading Text/en_US/PiratesScenario_ConfigText.xml
[1237370.520] LocalizedText - Loading Text/en_US/PiratesScenario_PackageText.xml
[1237370.520] LocalizedText - Loading Text/PiratesScenario_Translations_ConfigText.xml
[1237370.520] LocalizedText - Loading Text/PiratesScenario_Translations_PackageText.xml
[1237370.520] Successfully released save point.
[1237370.520] UISettingHandler - Loading DLC4.dep
[1237370.520] ModdingUpdateConfigurationDatabase - Loading Data/Macedonia_Persia_ConfigData.xml
[1237370.520] UpdateColors - Loading Data/Macedonia_Persia_Colors.xml
[1237370.520] UpdateColors - Loading Data/Macedonia_Persia_PlayerColors.xml
[1237370.520] UpdateIcons - Loading Data/Macedonia_Persia_Icons_Buildings.xml
[1237370.520] UpdateIcons - Loading Data/Macedonia_Persia_Icons_Civilizations.xml
[1237370.520] UpdateIcons - Loading Data/Macedonia_Persia_Icons_Leaders.xml
[1237370.520] UpdateIcons - Loading Data/Macedonia_Persia_Icons_UnitActions.xml
[1237370.520] UpdateIcons - Loading Data/Macedonia_Persia_Icons_UnitPortraits.xml
[1237370.520] UpdateIcons - Loading Data/Macedonia_Persia_Icons_Units.xml
[1237370.520] Creating database save point.
[1237370.520] LocalizedText - Loading Text/en_US/Macedonia_Persia_ConfigText.xml
[1237370.520] LocalizedText - Loading Text/Macedonia_Persia_Translations_ConfigText.xml
[1237370.520] LocalizedText - Loading Text/Macedonia_Persia_Translations_ConfigText_China.xml
[1237370.520] Warning: Unable to load ../../../DLC/Macedonia_Persia/Text/Macedonia_Persia_Translations_ConfigText_China.xml
[1237370.520] Warning: LocalizedText - Failed loading XML.
[1237370.520] Successfully released save point.
[1237370.520] ModdingUpdateConfigurationDatabase - Loading Data/Australia_Config.xml
[1237370.520] UpdateColors - Loading Data/Australia_Colors.xml
[1237370.520] UpdateIcons - Loading Data/Australia_Icons_Civilizations.xml
[1237370.520] UpdateIcons - Loading Data/Australia_Icons_Features.xml
[1237370.520] UpdateIcons - Loading Data/Australia_Icons_Leaders.xml
[1237370.520] UpdateIcons - Loading Data/Australia_Icons_UnitActions.xml
[1237370.520] UpdateIcons - Loading Data/Australia_Icons_UnitPortraits.xml
[1237370.520] UpdateIcons - Loading Data/Australia_Icons_Units.xml
[1237370.520] UISettingHandler - Loading DLC3.dep
[1237370.520] Creating database save point.
[1237370.520] LocalizedText - Loading Text/en_US/Australia_ConfigText.xml
[1237370.520] LocalizedText - Loading Text/Australia_Translations_ConfigText.xml
[1237370.520] LocalizedText - Loading Text/Australia_Translations_ConfigText_China.xml
[1237370.520] Warning: Unable to load ../../../DLC/Australia/Text/Australia_Translations_ConfigText_China.xml
[1237370.520] Warning: LocalizedText - Failed loading XML.
[1237370.520] Successfully released save point.
[1237370.520] UISettingHandler - Loading CivRoyaleScenario.dep
[1237370.520] ModdingUpdateConfigurationDatabase - Loading Data/CivRoyaleScenario_Config.xml
[1237370.520] UpdateColors - Loading Data/CivRoyaleScenario_PlayerColors.xml
[1237370.520] UpdateIcons - Loading Data/CivRoyaleScenario_Icons_Civilizations.xml
[1237370.520] UpdateIcons - Loading Data/CivRoyaleScenario_Icons_Leaders.xml
[1237370.520] UpdateIcons - Loading Data/CivRoyaleScenario_Icons_UnitActions.xml
[1237370.520] UpdateIcons - Loading Data/CivRoyaleScenario_Icons_UnitPortraits.xml
[1237370.520] UpdateIcons - Loading Data/CivRoyaleScenario_Icons_Units.xml
[1237370.520] Creating database save point.
[1237370.520] LocalizedText - Loading Text/en_US/CivRoyaleScenario_ConfigText.xml
[1237370.520] LocalizedText - Loading Text/CivRoyaleScenario_Translations_ConfigText.xml
[1237370.520] LocalizedText - Loading Text/CivRoyaleScenario_Translations_ConfigText_China.xml
[1237370.520] Warning: Unable to load ../../../DLC/CivRoyaleScenario/Text/CivRoyaleScenario_Translations_ConfigText_China.xml
[1237370.520] Warning: LocalizedText - Failed loading XML.
[1237370.520] Successfully released save point.
[1237370.520] ModdingUpdateConfigurationDatabase - Loading AncientRivalsScenario_Config.xml
[1237370.520] ModdingUpdateConfigurationDatabase - Loading ReligiousCombatScenario_Config.xml
[1237370.520] ModdingUpdateConfigurationDatabase - Loading NapoleonScenario_Config.xml
[1237370.520] ModdingUpdateConfigurationDatabase - Loading Data/Indonesia_KhmerScenario_Config.xml
[1237370.520] UISettingHandler - Loading Indonesia_KhmerScenario.dep
[1237370.520] UpdateColors - Loading Data/Indonesia_KhmerScenario_Colors.xml
[1237370.520] UpdateColors - Loading Data/Indonesia_KhmerScenario_PlayerColors.xml
[1237370.520] UpdateIcons - Loading Data/Indonesia_KhmerScenario_Icons_Civilizations.xml
[1237370.520] UpdateIcons - Loading Data/Indonesia_KhmerScenario_Icons_Leaders.xml
[1237370.520] Creating database save point.
[1237370.520] LocalizedText - Loading Text/en_US/Indonesia_KhmerScenario_ConfigText.xml
[1237370.520] LocalizedText - Loading Text/Indonesia_KhmerScenario_Translations_ConfigText.xml
[1237370.520] LocalizedText - Loading Text/Indonesia_KhmerScenario_Translations_ConfigText_China.xml
[1237370.520] Warning: Unable to load ../../../DLC/Indonesia_KhmerScenario/Text/Indonesia_KhmerScenario_Translations_ConfigText_China.xml
[1237370.520] Warning: LocalizedText - Failed loading XML.
[1237370.520] Successfully released save point.
[1237370.520] UpdateColors - Loading Data/VikingsScenario_Colors.xml
[1237370.520] UpdateColors - Loading Data/VikingsScenario_PlayerColors_Config.xml
[1237370.520] UpdateIcons - Loading Data/VikingsScenario_Icons_Config.xml
[1237370.520] ModdingUpdateConfigurationDatabase - Loading Data/VikingsScenario_Config.xml
[1237370.520] Creating database save point.
[1237370.520] LocalizedText - Loading Text/VikingsScenario_Translations_ConfigText.xml
[1237370.520] LocalizedText - Loading Text/VikingsScenario_Translations_ConfigText_China.xml
[1237370.520] Warning: Unable to load ../../../DLC/VikingsScenario/Text/VikingsScenario_Translations_ConfigText_China.xml
[1237370.520] Warning: LocalizedText - Failed loading XML.
[1237370.520] LocalizedText - Loading Text/en_US/VikingsScenario_ConfigText.xml
[1237370.520] Successfully released save point.
[1237370.520] UISettingHandler - Loading VikingScenario.dep
[1237370.520] UpdateIcons - Loading Data/PolandScenario_Icons_Config.xml
[1237370.520] UISettingHandler - Loading PolandScenario.dep
[1237370.520] UpdateColors - Loading Data/PolandScenario_Colors.xml
[1237370.520] UpdateColors - Loading Data/PolandScenario_PlayerColors.xml
[1237370.520] ModdingUpdateConfigurationDatabase - Loading Data/PolandScenario_Config.xml
[1237370.520] Creating database save point.
[1237370.520] LocalizedText - Loading Text/PolandScenario_Translations_ConfigText.xml
[1237370.520] LocalizedText - Loading Text/PolandScenario_Translations_ConfigText_China.xml
[1237370.520] Warning: Unable to load ../../../DLC/PolandScenario/Text/PolandScenario_Translations_ConfigText_China.xml
[1237370.520] Warning: LocalizedText - Failed loading XML.
[1237370.520] LocalizedText - Loading Text/en_US/PolandScenario_ConfigText.xml
[1237370.520] Successfully released save point.
[1237370.520] ModdingUpdateConfigurationDatabase - Loading Data/NubiaScenario_Config.xml
[1237370.520] UISettingHandler - Loading NubiaScenario.dep
[1237370.520] UpdateColors - Loading Data/NubiaScenario_Colors.xml
[1237370.520] UpdateColors - Loading Data/NubiaScenario_PlayerColors.xml
[1237370.520] UpdateIcons - Loading Data/NubiaScenario_Icons_Config.xml
[1237370.520] Creating database save point.
[1237370.520] LocalizedText - Loading Text/en_US/NubiaScenario_ConfigText.xml
[1237370.520] LocalizedText - Loading Text/NubiaScenario_Translations_ConfigText.xml
[1237370.520] LocalizedText - Loading Text/NubiaScenario_Translations_ConfigText_China.xml
[1237370.520] Warning: Unable to load ../../../DLC/NubiaScenario/Text/NubiaScenario_Translations_ConfigText_China.xml
[1237370.520] Warning: LocalizedText - Failed loading XML.
[1237370.520] Successfully released save point.
[1237370.520] UISettingHandler - Loading AlexanderScenario.dep
[1237370.520] ModdingUpdateConfigurationDatabase - Loading Data/AlexanderScenario_Config.xml
[1237370.520] Creating database save point.
[1237370.520] LocalizedText - Loading Text/en_US/AlexanderScenario_ConfigText.xml
[1237370.520] LocalizedText - Loading Text/AlexanderScenario_Translations_ConfigText.xml
[1237370.520] LocalizedText - Loading Text/AlexanderScenario_Translations_ConfigText_China.xml
[1237370.520] Warning: Unable to load ../../../DLC/AlexanderScenario/Text/AlexanderScenario_Translations_ConfigText_China.xml
[1237370.520] Warning: LocalizedText - Failed loading XML.
[1237370.520] Successfully released save point.
[1237370.520] UISettingHandler - Loading Expansion1.dep
[1237370.520] UpdateColors - Loading Data/Expansion1_PlayerColors.xml
[1237370.520] UpdateIcons - Loading Data/Expansion1_Icons_Buildings.xml
[1237370.520] UpdateIcons - Loading Data/Expansion1_Icons_CityStates.xml
[1237370.520] UpdateIcons - Loading Data/Expansion1_Icons_Civilizations.xml
[1237370.520] UpdateIcons - Loading Data/Expansion1_Icons_Districts.xml
[1237370.520] UpdateIcons - Loading Data/Expansion1_Icons_Features.xml
[1237370.520] UpdateIcons - Loading Data/Expansion1_Icons_FontIcons.xml
[1237370.520] UpdateIcons - Loading Data/Expansion1_Icons_Improvements.xml
[1237370.520] UpdateIcons - Loading Data/Expansion1_Icons_Leaders.xml
[1237370.520] UpdateIcons - Loading Data/Expansion1_Icons_UnitPortraits.xml
[1237370.520] UpdateIcons - Loading Data/Expansion1_Icons_Units.xml
[1237370.520] ModdingUpdateConfigurationDatabase - Loading Config/Expansion1_Config.xml
[1237370.520] ModdingUpdateConfigurationDatabase - Loading Config/Expansion1_EarthMaps.xml
[1237370.520] ModdingUpdateConfigurationDatabase - Loading Config/Expansion1_Players.xml
[1237370.520] ModdingUpdateConfigurationDatabase - Loading Config/Expansion1_StandardMaps.xml
[1237370.520] Creating database save point.
[1237370.520] LocalizedText - Loading Text/en_US/Expansion1_ConfigText.xml
[1237370.520] LocalizedText - Loading Text/en_US/Expansion1_HallofFame_Text.xml
[1237370.520] LocalizedText - Loading Text/Expansion1_Translations_ConfigText.xml
[1237370.520] LocalizedText - Loading Text/Expansion1_Translations_ConfigText_China.xml
[1237370.520] Warning: Unable to load ../../../DLC/Expansion1/Text/Expansion1_Translations_ConfigText_China.xml
[1237370.520] Warning: LocalizedText - Failed loading XML.
[1237370.520] Successfully released save point.
[1237370.520] UpdateColors - Loading Data/AustraliaScenario_Colors.xml
[1237370.520] UpdateColors - Loading Data/AustraliaScenario_PlayerColors.xml
[1237370.520] UpdateIcons - Loading Data/AustraliaScenario_Icons_Civilizations.xml
[1237370.520] UpdateIcons - Loading Data/AustraliaScenario_Icons_Leaders.xml
[1237370.520] UISettingHandler - Loading AustraliaScenario.dep
[1237370.520] ModdingUpdateConfigurationDatabase - Loading Data/AustraliaScenario_Config.xml
[1237370.520] Creating database save point.
[1237370.520] LocalizedText - Loading Text/en_US/AustraliaScenario_ConfigText.xml
[1237370.520] LocalizedText - Loading Text/AustraliaScenario_Translations_ConfigText.xml
[1237370.520] LocalizedText - Loading Text/AustraliaScenario_Translations_ConfigText_China.xml
[1237370.520] Warning: Unable to load ../../../DLC/AustraliaScenario/Text/AustraliaScenario_Translations_ConfigText_China.xml
[1237370.520] Warning: LocalizedText - Failed loading XML.
[1237370.520] Successfully released save point.
[1237370.520] UISettingHandler - Loading Expansion2.dep
[1237370.520] Creating database save point.
[1237370.520] LocalizedText - Loading Text/en_US/Expansion1_HallofFame_Text.xml
[1237370.520] LocalizedText - Loading Text/en_US/Expansion2_ConfigText.xml
[1237370.520] LocalizedText - Loading Text/en_US/Expansion2_HallofFame_Text.xml
[1237370.520] LocalizedText - Loading Text/Expansion2_Translations_ConfigText.xml
[1237370.520] LocalizedText - Loading Text/Expansion2_Translations_ConfigText_China.xml
[1237370.520] Warning: Unable to load ../../../DLC/Expansion2/Text/Expansion2_Translations_ConfigText_China.xml
[1237370.520] Warning: LocalizedText - Failed loading XML.
[1237370.520] Successfully released save point.
[1237370.520] ModdingUpdateConfigurationDatabase - Loading Config/Expansion2_Config.xml
[1237370.520] ModdingUpdateConfigurationDatabase - Loading Config/Expansion2_EarthMaps.xml
[1237370.520] ModdingUpdateConfigurationDatabase - Loading Config/Expansion2_Players.xml
[1237370.520] ModdingUpdateConfigurationDatabase - Loading Config/Expansion2_StandardMaps.xml
[1237370.520] UpdateColors - Loading Data/Expansion2_PlayerColors.xml
[1237370.520] UpdateIcons - Loading Data/Expansion1_Icons_FontIcons.xml
[1237370.520] UpdateIcons - Loading Data/Expansion2_Icons_Beliefs.xml
[1237370.520] UpdateIcons - Loading Data/Expansion2_Icons_Buildings.xml
[1237370.520] UpdateIcons - Loading Data/Expansion2_Icons_CityStates.xml
[1237370.520] UpdateIcons - Loading Data/Expansion2_Icons_Civilizations.xml
[1237370.520] UpdateIcons - Loading Data/Expansion2_Icons_DistrictBuildings.xml
[1237370.520] UpdateIcons - Loading Data/Expansion2_Icons_Districts.xml
[1237370.520] UpdateIcons - Loading Data/Expansion2_Icons_EnvironmentalEffects.xml
[1237370.520] UpdateIcons - Loading Data/Expansion2_Icons_Features.xml
[1237370.520] UpdateIcons - Loading Data/Expansion2_Icons_FontIcons.xml
[1237370.520] UpdateIcons - Loading Data/Expansion2_Icons_Leaders.xml
[1237370.520] UpdateIcons - Loading Data/Expansion2_Icons_Stats.xml
[1237370.520] UpdateIcons - Loading Data/Expansion2_Icons_UnitActions.xml
[1237370.520] UpdateIcons - Loading Data/Expansion2_Icons_UnitPortraits.xml
[1237370.520] UpdateIcons - Loading Data/Expansion2_Icons_Units.xml
[1237370.520] UpdateIcons - Loading Data/Expansion2_Icons_Victories.xml
[1237370.520] UpdateIcons - Loading Data/Expansion2_Icons_Yields.xml
[1237370.520] UISettingHandler - Loading TeddyRoosevelt.dep
[1237370.520] UpdateColors - Loading Data/TeddyRoosevelt_Colors.xml
[1237370.520] ModdingUpdateConfigurationDatabase - Loading Data/TeddyRoosevelt_ConfigData.xml
[1237370.520] UpdateIcons - Loading Data/TeddyRoosevelt_Icons.xml
[1237370.520] Creating database save point.
[1237370.520] LocalizedText - Loading Text/en_US/TeddyRoosevelt_ConfigText.xml
[1237370.520] LocalizedText - Loading Text/en_US/TeddyRoosevelt_PackageText.xml
[1237370.520] LocalizedText - Loading Text/TeddyRoosevelt_Translations_ConfigText.xml
[1237370.520] LocalizedText - Loading Text/TeddyRoosevelt_Translations_PackageText.xml
[1237370.520] Successfully released save point.
[1237370.520] UISettingHandler - Loading BarbarianClansMode.dep
[1237370.520] ModdingUpdateConfigurationDatabase - Loading Data/BarbarianClansMode_ConfigData.xml
[1237370.520] UpdateIcons - Loading Data/BarbarianClansMode_Icons.xml
[1237370.520] UpdateIcons - Loading Data/BarbarianClansMode_Icons_GameModes.xml
[1237370.520] Creating database save point.
[1237370.520] LocalizedText - Loading Text/en_US/BarbarianClansMode_ConfigText.xml
[1237370.520] LocalizedText - Loading Text/en_US/BarbarianClansMode_PackageText.xml
[1237370.520] LocalizedText - Loading Text/BarbarianClansMode_Translations_ConfigText.xml
[1237370.520] LocalizedText - Loading Text/BarbarianClansMode_Translations_PackageText.xml
[1237370.520] Successfully released save point.
[1237370.520] UISettingHandler - Loading TreeRandomizer.dep
[1237370.520] ModdingUpdateConfigurationDatabase - Loading Data/TreeRandomizer_ConfigData.xml
[1237370.520] UpdateIcons - Loading Data/TreeRandomizer_Icons_GameModes.xml
[1237370.520] Creating database save point.
[1237370.520] LocalizedText - Loading Text/en_US/TreeRandomizer_ConfigText.xml
[1237370.520] LocalizedText - Loading Text/en_US/TreeRandomizer_PackageText.xml
[1237370.520] LocalizedText - Loading Text/TreeRandomizer_Translations_ConfigText.xml
[1237370.520] LocalizedText - Loading Text/TreeRandomizer_Translations_PackageText.xml
[1237370.520] Successfully released save point.
[1237370.520] UISettingHandler - Loading WarMachineScenario.dep
[1237370.520] UpdateColors - Loading Data/WarMachineScenario_PlayerColors.xml
[1237370.520] UpdateIcons - Loading Data/WarMachineScenario_AllIcons.xml
[1237370.520] ModdingUpdateConfigurationDatabase - Loading Data/WarMachineScenario_Config.xml
[1237370.520] Creating database save point.
[1237370.520] LocalizedText - Loading Text/en_US/WarMachineScenario_ConfigText.xml
[1237370.520] LocalizedText - Loading Text/WarMachineScenario_Translations_ConfigText.xml
[1237370.520] LocalizedText - Loading Text/WarMachineScenario_Translations_ConfigText_China.xml
[1237370.520] Warning: Unable to load ../../../DLC/WarMachineScenario/Text/WarMachineScenario_Translations_ConfigText_China.xml
[1237370.520] Warning: LocalizedText - Failed loading XML.
[1237370.520] Successfully released save point.
[1237370.520] UISettingHandler - Loading GranColombia_Maya.dep
[1237370.520] UpdateColors - Loading Data/GranColombia_Maya_Colors.xml
[1237370.520] ModdingUpdateConfigurationDatabase - Loading Data/GranColombia_Maya_ConfigData.xml
[1237370.520] UpdateIcons - Loading Data/GranColombia_Maya_Icons_Civilizations.xml
[1237370.520] UpdateIcons - Loading Data/GranColombia_Maya_Icons_Districts.xml
[1237370.520] UpdateIcons - Loading Data/GranColombia_Maya_Icons_Emergencies.xml
[1237370.520] UpdateIcons - Loading Data/GranColombia_Maya_Icons_Features.xml
[1237370.520] UpdateIcons - Loading Data/GranColombia_Maya_Icons_FontIcons.xml
[1237370.520] UpdateIcons - Loading Data/GranColombia_Maya_Icons_GameModes.xml
[1237370.520] UpdateIcons - Loading Data/GranColombia_Maya_Icons_Leaders.xml
[1237370.520] UpdateIcons - Loading Data/GranColombia_Maya_Icons_Notifications.xml
[1237370.520] UpdateIcons - Loading Data/GranColombia_Maya_Icons_Resources.xml
[1237370.520] UpdateIcons - Loading Data/GranColombia_Maya_Icons_UnitActions.xml
[1237370.520] UpdateIcons - Loading Data/GranColombia_Maya_Icons_UnitPortraits.xml
[1237370.520] UpdateIcons - Loading Data/GranColombia_Maya_Icons_Units.xml
[1237370.520] UpdateIcons - Loading Data/GranColombia_Maya_Icons_WorldBuilder_Features.xml
[1237370.520] Creating database save point.
[1237370.520] LocalizedText - Loading Text/en_US/GranColombia_Maya_ConfigText.xml
[1237370.520] LocalizedText - Loading Text/en_US/GranColombia_Maya_PackageText.xml
[1237370.520] LocalizedText - Loading Text/GranColombia_Maya_Translations_ConfigText.xml
[1237370.520] LocalizedText - Loading Text/GranColombia_Maya_Translations_PackageText.xml
[1237370.520] Successfully released save point.
[1237370.520] UISettingHandler - Loading Byzantium_Gaul.dep
[1237370.520] ModdingUpdateConfigurationDatabase - Loading Data/Byzantium_Gaul_ConfigData.xml
[1237370.520] ModdingUpdateConfigurationDatabase - Loading Data/Byzantium_Gaul_StandardMaps.xml
[1237370.520] UpdateColors - Loading Data/Byzantium_Gaul_Colors.xml
[1237370.520] Creating database save point.
[1237370.520] LocalizedText - Loading Text/en_US/Byzantium_Gaul_ConfigText.xml
[1237370.520] LocalizedText - Loading Text/en_US/Byzantium_Gaul_PackageText.xml
[1237370.520] LocalizedText - Loading Text/Byzantium_Gaul_Translations_ConfigText.xml
[1237370.520] LocalizedText - Loading Text/Byzantium_Gaul_Translations_PackageText.xml
[1237370.520] Successfully released save point.
[1237370.520] UpdateIcons - Loading Data/Byzantium_Gaul_Icons_Civilizations.xml
[1237370.520] UpdateIcons - Loading Data/Byzantium_Gaul_Icons_Districts.xml
[1237370.520] UpdateIcons - Loading Data/Byzantium_Gaul_Icons_FontIcons.xml
[1237370.520] UpdateIcons - Loading Data/Byzantium_Gaul_Icons_GameModes.xml
[1237370.520] UpdateIcons - Loading Data/Byzantium_Gaul_Icons_Leaders.xml
[1237370.520] UpdateIcons - Loading Data/Byzantium_Gaul_Icons_UnitPortraits.xml
[1237370.520] UpdateIcons - Loading Data/Byzantium_Gaul_Icons_Units.xml
[1237370.520] UpdateIcons - Loading Data/Byzantium_Gaul_Icons_Wonders.xml
[1237370.520] UISettingHandler - Loading KublaiKhan_Vietnam.dep
[1237370.520] ModdingUpdateConfigurationDatabase - Loading Data/KublaiKhan_Vietnam_ConfigData.xml
[1237370.520] ModdingUpdateConfigurationDatabase - Loading Data/KublaiKhan_Vietnam_ConfigData_Mongolia.xml
[1237371.520] UpdateColors - Loading Data/KublaiKhan_Vietnam_Colors.xml
[1237371.520] UpdateIcons - Loading Data/KublaiKhan_Vietnam_Icons_Buildings.xml
[1237371.520] UpdateIcons - Loading Data/KublaiKhan_Vietnam_Icons_Civilizations.xml
[1237371.520] UpdateIcons - Loading Data/KublaiKhan_Vietnam_Icons_Districts.xml
[1237371.520] UpdateIcons - Loading Data/KublaiKhan_Vietnam_Icons_Leaders.xml
[1237371.520] UpdateIcons - Loading Data/KublaiKhan_Vietnam_Icons_UnitPortraits.xml
[1237371.520] UpdateIcons - Loading Data/KublaiKhan_Vietnam_Icons_Units.xml
[1237371.520] UpdateIcons - Loading Data/KublaiKhan_Vietnam_Icons_MODE.xml
[1237371.520] Creating database save point.
[1237371.520] LocalizedText - Loading Text/en_US/KublaiKhan_Vietnam_ConfigText.xml
[1237371.520] LocalizedText - Loading Text/en_US/KublaiKhan_Vietnam_PackageText.xml
[1237371.520] LocalizedText - Loading Text/KublaiKhan_Vietnam_Translations_ConfigText.xml
[1237371.520] LocalizedText - Loading Text/KublaiKhan_Vietnam_Translations_PackageText.xml
[1237371.520] Successfully released save point.
[1237371.520] UpdateColors - Loading Data/BlackDeathScenario_PlayerColors.xml
[1237371.520] UpdateIcons - Loading Data/BlackDeathScenario_Icons_Civilizations.xml
[1237371.520] UpdateIcons - Loading Data/BlackDeathScenario_Icons_Leaders.xml
[1237371.520] UpdateIcons - Loading Data/BlackDeathScenario_Icons_Units.xml
[1237371.520] UISettingHandler - Loading BlackDeathScenario.dep
[1237371.520] ModdingUpdateConfigurationDatabase - Loading Data/BlackDeathScenario_Config.xml
[1237371.520] Creating database save point.
[1237371.520] LocalizedText - Loading Text/en_US/BlackDeathScenario_ConfigText.xml
[1237371.520] LocalizedText - Loading Text/BlackDeathScenario_Translations_ConfigText.xml
[1237371.520] LocalizedText - Loading Text/BlackDeathScenario_Translations_ConfigText_China.xml
[1237371.520] Warning: Unable to load ../../../DLC/BlackDeathScenario/Text/BlackDeathScenario_Translations_ConfigText_China.xml
[1237371.520] Warning: LocalizedText - Failed loading XML.
[1237371.520] Successfully released save point.
[1237371.520] UISettingHandler - Loading CatherineDeMedici.dep
[1237371.520] UpdateColors - Loading Data/CatherineDeMedici_Colors.xml
[1237371.520] ModdingUpdateConfigurationDatabase - Loading Data/CatherineDeMedici_ConfigData.xml
[1237371.520] UpdateIcons - Loading Data/CatherineDeMedici_Icons.xml
[1237371.520] Creating database save point.
[1237371.520] LocalizedText - Loading Text/en_US/CatherineDeMedici_ConfigText.xml
[1237371.520] LocalizedText - Loading Text/en_US/CatherineDeMedici_PackageText.xml
[1237371.520] LocalizedText - Loading Text/CatherineDeMedici_Translations_ConfigText.xml
[1237371.520] LocalizedText - Loading Text/CatherineDeMedici_Translations_PackageText.xml
[1237371.520] Successfully released save point.
[1237371.520] UISettingHandler - Loading Ethiopia.dep
[1237371.520] UpdateColors - Loading Data/Ethiopia_Colors.xml
[1237371.520] UpdateIcons - Loading Data/Ethiopia_Icons_Relics_MODE.xml
[1237371.520] UpdateIcons - Loading Data/Ethiopia_Icons_Buildings.xml
[1237371.520] UpdateIcons - Loading Data/Ethiopia_Icons_Civilizations.xml
[1237371.520] UpdateIcons - Loading Data/Ethiopia_Icons_Districts.xml
[1237371.520] UpdateIcons - Loading Data/Ethiopia_Icons_GameModes.xml
[1237371.520] UpdateIcons - Loading Data/Ethiopia_Icons_Leaders.xml
[1237371.520] UpdateIcons - Loading Data/Ethiopia_Icons_Notifications.xml
[1237371.520] UpdateIcons - Loading Data/Ethiopia_Icons_Projects.xml
[1237371.520] UpdateIcons - Loading Data/Ethiopia_Icons_Resources.xml
[1237371.520] UpdateIcons - Loading Data/Ethiopia_Icons_UnitActions.xml
[1237371.520] UpdateIcons - Loading Data/Ethiopia_Icons_UnitPortraits.xml
[1237371.520] UpdateIcons - Loading Data/Ethiopia_Icons_Units.xml
[1237371.520] ModdingUpdateConfigurationDatabase - Loading Data/Ethiopia_ConfigData.xml
[1237371.520] Creating database save point.
[1237371.520] LocalizedText - Loading Text/en_US/Ethiopia_ConfigText.xml
[1237371.520] LocalizedText - Loading Text/en_US/Ethiopia_PackageText.xml
[1237371.520] LocalizedText - Loading Text/Ethiopia_Translations_ConfigText.xml
[1237371.520] LocalizedText - Loading Text/Ethiopia_Translations_PackageText.xml
[1237371.520] Successfully released save point.
[1237371.520] UISettingHandler - Loading Babylon.dep
[1237371.520] ModdingUpdateConfigurationDatabase - Loading Data/Babylon_ConfigData.xml
[1237371.520] UpdateColors - Loading Data/Babylon_Colors.xml
[1237371.520] UpdateColors - Loading Data/Babylon_Colors_Config.xml
[1237371.520] UpdateIcons - Loading Data/Babylon_Icons_Buildings.xml
[1237371.520] UpdateIcons - Loading Data/Babylon_Icons_Civilizations.xml
[1237371.520] UpdateIcons - Loading Data/Babylon_Icons_FontIcons.xml
[1237371.520] UpdateIcons - Loading Data/Babylon_Icons_GameModes.xml
[1237371.520] UpdateIcons - Loading Data/Babylon_Icons_Leaders.xml
[1237371.520] UpdateIcons - Loading Data/Babylon_Icons_UnitPortraits.xml
[1237371.520] UpdateIcons - Loading Data/Babylon_Icons_Units.xml
[1237371.520] Creating database save point.
[1237371.520] LocalizedText - Loading Text/en_US/Babylon_ConfigText.xml
[1237371.520] LocalizedText - Loading Text/Babylon_Translations_ConfigText.xml
[1237371.520] Successfully released save point.
[1237371.520] UISettingHandler - Loading Portugal.dep
[1237371.520] ModdingUpdateConfigurationDatabase - Loading Data/Portugal_ConfigData.xml
[1237371.520] ModdingUpdateConfigurationDatabase - Loading Data/Portugal_StandardMaps.xml
[1237371.520] UpdateColors - Loading Data/Portugal_Colors.xml
[1237371.520] Creating database save point.
[1237371.520] LocalizedText - Loading Text/en_US/Portugal_ConfigText.xml
[1237371.520] LocalizedText - Loading Text/en_US/Portugal_PackageText.xml
[1237371.520] LocalizedText - Loading Text/Portugal_Translations_ConfigText.xml
[1237371.520] LocalizedText - Loading Text/Portugal_Translations_PackageText.xml
[1237371.520] Successfully released save point.
[1237371.520] UpdateIcons - Loading Data/Portugal_Icons_Buildings.xml
[1237371.520] UpdateIcons - Loading Data/Portugal_Icons_Civilizations.xml
[1237371.520] UpdateIcons - Loading Data/Portugal_Icons_Leaders.xml
[1237371.520] UpdateIcons - Loading Data/Portugal_Icons_UnitActions.xml
[1237371.520] UpdateIcons - Loading Data/Portugal_Icons_UnitPortraits.xml
[1237371.520] UpdateIcons - Loading Data/Portugal_Icons_Units.xml
[1237371.520] UpdateIcons - Loading Data/Portugal_Icons_Wonders.xml
[1237371.520] UpdateIcons - Loading Data/Zombies_Icons_GameModes.xml
[1237372.520] Modding Framework - Finished Apply Settings
[1237372.520] ConfigureContent - Importing implicit files, post settings
[1237373.520] Successfully reconfigured game.
[1237373.520] Discovering new mods...
[1237374.520] Finished Discovery.
[1237374.520] Discovery Summary:
[1237374.520] Deleted 0 mods.
[1237374.520] Discovered 0 mods.
[1237374.520] Discovering Mods took - 689ms.
[1237374.520] No need to reconfigure game content, marking it finished
[1237378.520] No need to reconfigure game content, marking it finished
[1237378.520] No need to reconfigure game content, marking it finished
[1237393.520] Configuring game content
[1237393.520] Enabled Mods (in no particular order):
[1237393.520] 02A8BDDE-67EA-4D38-9540-26E685E3156E (LOC_AZTEC_MONTEZUMA_MOD_TITLE)
[1237393.520] 05698E46-1032-43C7-A40C-FA3D02858D2A (LOC_MOD_VIKINGS_SCENARIO_TITLE)
[1237393.520] 113D9459-0A3B-4FCB-A49C-483F40303575 (Teddy Roosevelt Persona Pack)
[1237393.520] 19ED1A36-D744-4A58-8F8B-0376C2BA86E5 (Barbarian Clans Game Mode)
[1237393.520] 19d1c7ec-54de-11ea-a2e3-2e728ce88125 (Tech and Civic Shuffle Game Mode)
[1237393.520] 1B28771A-C749-434B-9053-D1380C553DE9 (LOC_EXPANSION1_MOD_TITLE)
[1237393.520] 1B394FE9-23DC-4868-8F0A-5220CB8FB427 (Ethiopia Pack)
[1237393.520] 1F367231-A040-4793-BDBB-088816853683 (LOC_INDONESIA_KHMER_MOD_TITLE)
[1237393.520] 2F3A65C2-0883-4BF6-8C70-EDA688C66F3C (LOC_MOD_ALEXANDER_SCENARIO_TITLE)
[1237393.520] 2F6E858A-28EF-46B3-BEAC-B985E52E9BC1 (LOC_MOD_VIKINGSLANDMARKS_TITLE)
[1237393.520] 3809975F-263F-40A2-A747-8BFB171D821A (LOC_POLAND_JADWIGA_MOD_TITLE)
[1237393.520] 4873eb62-8ccc-4574-b784-dda455e74e68 (LOC_EXPANSION2_MOD_TITLE)
[1237393.520] 5B0445C9-1376-45AD-9B51-C96A83A8F17D (LOC_WARMACHINE_MOD_TITLE)
[1237393.520] 643EA320-8E1A-4CF1-A01C-00D88DDD131A (LOC_NUBIA_MOD_TITLE)
[1237393.520] 648CD2A8-057A-4EB5-9E41-E1F7D86B5443 (LOC_COLDWAR_MOD_TITLE)
[1237393.520] 70c9b163-18cb-46bf-a326-e8369666d722 (AI+)
[1237393.520] 7619F77B-BAA7-4912-AA6E-45C124E6ECFD (LOC_MOD_NUBIA_SCENARIO_TITLE)
[1237393.520] 8424840C-92EF-4426-A9B4-B4E0CB818049 (Babylon Pack)
[1237393.520] 8550ED6C-E370-426C-80CD-AB4B46B201DD (LOC_MOD_INDONESIA_KHMER_SCENARIO_TITLE)
[1237393.520] 9DE86512-DE1A-400D-8C0A-AB46EBBF76B9 (Maya and Gran Colombia Pack)
[1237393.520] A1100FC4-70F2-4129-AC27-2A65A685ED08 (Byzantium and Gaul Pack)
[1237393.520] A3F42CD4-6C3E-4F5A-BC81-BE29E0C0B87C (Vietnam and Kublai Khan Pack)
[1237393.520] A55FAFB4-9070-4597-9453-B28A99910CDA (Multiplayer Scenario: Pirates)
[1237393.520] C1F775D8-59B5-401B-B86D-78FAF3446EC7 (LOC_BLACKDEATH_MOD_TITLE)
[1237393.520] CD953AD5-2869-4654-91EC-E48D118EF3F3 (LOC_MOD_POLAND_SCENARIO_TITLE)
[1237393.520] CE5876CD-6900-46D1-9C9C-8DBA1F28872E (Catherine de Medici Persona Pack)
[1237393.520] D70C8F1F-3954-460F-A9D9-09498BF773C9 (LOC_MOD_AUSTRALIA_SCENARIO_TITLE)
[1237393.520] E2749E9A-8056-45CD-901B-C368C8E83DEB (LOC_MACEDONIA_PERSIA_MOD_TITLE)
[1237393.520] E3F53C61-371C-440B-96CE-077D318B36C0 (LOC_AUSTRALIA_MOD_TITLE)
[1237393.520] F264EE10-F21B-4A9A-BBCD-D534E9843E90 (LOC_CIV_ROYALE_MOD_TITLE)
[1237393.520] F653805E-F7C8-44E1-8CBD-FB48D7AABCBA (LOC_ANCIENT_RIVALS_MOD_TITLE)
[1237393.520] FFDF4E79-DEE2-47BB-919B-F5739106627A (Portugal Pack)
[1237393.520] {455B6E2D-821D-4D49-9FCD-FC950AC6A521} (LOC_RELIGIOUS_COMBAT_MOD_TITLE)
[1237393.520] {5E991A08-08FD-4774-968B-A85377ECF60D} (LOC_NAPOLEON_MOD_TITLE)
[1237393.520] Target Mods (in no particular order):
[1237393.520] 02A8BDDE-67EA-4D38-9540-26E685E3156E (LOC_AZTEC_MONTEZUMA_MOD_TITLE)
[1237393.520] 05698E46-1032-43C7-A40C-FA3D02858D2A (LOC_MOD_VIKINGS_SCENARIO_TITLE)
[1237393.520] 113D9459-0A3B-4FCB-A49C-483F40303575 (Teddy Roosevelt Persona Pack)
[1237393.520] 19ED1A36-D744-4A58-8F8B-0376C2BA86E5 (Barbarian Clans Game Mode)
[1237393.520] 19d1c7ec-54de-11ea-a2e3-2e728ce88125 (Tech and Civic Shuffle Game Mode)
[1237393.520] 1B28771A-C749-434B-9053-D1380C553DE9 (LOC_EXPANSION1_MOD_TITLE)
[1237393.520] 1B394FE9-23DC-4868-8F0A-5220CB8FB427 (Ethiopia Pack)
[1237393.520] 1F367231-A040-4793-BDBB-088816853683 (LOC_INDONESIA_KHMER_MOD_TITLE)
[1237393.520] 2F3A65C2-0883-4BF6-8C70-EDA688C66F3C (LOC_MOD_ALEXANDER_SCENARIO_TITLE)
[1237393.520] 2F6E858A-28EF-46B3-BEAC-B985E52E9BC1 (LOC_MOD_VIKINGSLANDMARKS_TITLE)
[1237393.520] 3809975F-263F-40A2-A747-8BFB171D821A (LOC_POLAND_JADWIGA_MOD_TITLE)
[1237393.520] 4873eb62-8ccc-4574-b784-dda455e74e68 (LOC_EXPANSION2_MOD_TITLE)
[1237393.520] 5B0445C9-1376-45AD-9B51-C96A83A8F17D (LOC_WARMACHINE_MOD_TITLE)
[1237393.520] 643EA320-8E1A-4CF1-A01C-00D88DDD131A (LOC_NUBIA_MOD_TITLE)
[1237393.520] 648CD2A8-057A-4EB5-9E41-E1F7D86B5443 (LOC_COLDWAR_MOD_TITLE)
[1237393.520] 7619F77B-BAA7-4912-AA6E-45C124E6ECFD (LOC_MOD_NUBIA_SCENARIO_TITLE)
[1237393.520] 8424840C-92EF-4426-A9B4-B4E0CB818049 (Babylon Pack)
[1237393.520] 8550ED6C-E370-426C-80CD-AB4B46B201DD (LOC_MOD_INDONESIA_KHMER_SCENARIO_TITLE)
[1237393.520] 9DE86512-DE1A-400D-8C0A-AB46EBBF76B9 (Maya and Gran Colombia Pack)
[1237393.520] A1100FC4-70F2-4129-AC27-2A65A685ED08 (Byzantium and Gaul Pack)
[1237393.520] A3F42CD4-6C3E-4F5A-BC81-BE29E0C0B87C (Vietnam and Kublai Khan Pack)
[1237393.520] A55FAFB4-9070-4597-9453-B28A99910CDA (Multiplayer Scenario: Pirates)
[1237393.520] C1F775D8-59B5-401B-B86D-78FAF3446EC7 (LOC_BLACKDEATH_MOD_TITLE)
[1237393.520] CD953AD5-2869-4654-91EC-E48D118EF3F3 (LOC_MOD_POLAND_SCENARIO_TITLE)
[1237393.520] CE5876CD-6900-46D1-9C9C-8DBA1F28872E (Catherine de Medici Persona Pack)
[1237393.520] D70C8F1F-3954-460F-A9D9-09498BF773C9 (LOC_MOD_AUSTRALIA_SCENARIO_TITLE)
[1237393.520] E2749E9A-8056-45CD-901B-C368C8E83DEB (LOC_MACEDONIA_PERSIA_MOD_TITLE)
[1237393.520] E3F53C61-371C-440B-96CE-077D318B36C0 (LOC_AUSTRALIA_MOD_TITLE)
[1237393.520] F264EE10-F21B-4A9A-BBCD-D534E9843E90 (LOC_CIV_ROYALE_MOD_TITLE)
[1237393.520] F653805E-F7C8-44E1-8CBD-FB48D7AABCBA (LOC_ANCIENT_RIVALS_MOD_TITLE)
[1237393.520] FFDF4E79-DEE2-47BB-919B-F5739106627A (Portugal Pack)
[1237393.520] {455B6E2D-821D-4D49-9FCD-FC950AC6A521} (LOC_RELIGIOUS_COMBAT_MOD_TITLE)
[1237393.520] {5E991A08-08FD-4774-968B-A85377ECF60D} (LOC_NAPOLEON_MOD_TITLE)
[1237393.520] Warning: The activation order of mods is not the same as it was with a prior sorting algorithm.
[1237393.520] Warning: The activation order of mods is not the same as it was with a prior sorting algorithm.
[1237393.520] Game configuration needs to change to match target config.
[1237393.520] Performing pre-configure processing.
[1237393.520] Rebuilding configuration database.
[1237393.520] Reverted Localization database to its original state.
[1237393.520] Reverted Configuration database to its original state.
[1237393.520] ConfigureContent - Importing implicit files, pre settings
[1237393.520] Applying settings.
[1237393.520] Modding Framework - Apply Settings
[1237393.520] UpdateColors - Loading Data/Aztec_Montezuma_Colors.xml
[1237393.520] ModdingUpdateConfigurationDatabase - Loading Data/Aztec_Montezuma_ConfigData.xml
[1237393.520] ModdingUpdateConfigurationDatabase - Loading Data/Indonesia_Khmer_ConfigData.xml
[1237393.520] UISettingHandler - Loading DLC6.dep
[1237393.520] UpdateColors - Loading Data/Indonesia_Khmer_Colors.xml
[1237393.520] Creating database save point.
[1237393.520] LocalizedText - Loading Text/en_US/Indonesia_Khmer_ConfigText.xml
[1237393.520] LocalizedText - Loading Text/Indonesia_Khmer_Translations_ConfigText.xml
[1237393.520] LocalizedText - Loading Text/Indonesia_Khmer_Translations_ConfigText_China.xml
[1237393.520] Warning: Unable to load ../../../DLC/Indonesia_Khmer/Text/Indonesia_Khmer_Translations_ConfigText_China.xml
[1237393.520] Warning: LocalizedText - Failed loading XML.
[1237393.520] Successfully released save point.
[1237393.520] UpdateIcons - Loading Data/Indonesia_Khmer_Icons_Buildings.xml
[1237393.520] UpdateIcons - Loading Data/Indonesia_Khmer_Icons_Civilizations.xml
[1237393.520] UpdateIcons - Loading Data/Indonesia_Khmer_Icons_Features.xml
[1237393.520] UpdateIcons - Loading Data/Indonesia_Khmer_Icons_Leaders.xml
[1237393.520] UpdateIcons - Loading Data/Indonesia_Khmer_Icons_UnitActions.xml
[1237393.520] UpdateIcons - Loading Data/Indonesia_Khmer_Icons_UnitPortraits.xml
[1237393.520] UpdateIcons - Loading Data/Indonesia_Khmer_Icons_Units.xml
[1237393.520] UpdateIcons - Loading Data/Indonesia_Khmer_Icons_Wonders.xml
[1237393.520] UISettingHandler - Loading VikingsLandmarks.dep
[1237393.520] UpdateColors - Loading Data/VikingsLandmarks_Colors.xml
[1237393.520] ModdingUpdateConfigurationDatabase - Loading Data/VikingsLandmarks_Config.xml
[1237393.520] UpdateIcons - Loading Data/VikingsLandmarks_Icons_Civilizations.xml
[1237393.520] UpdateIcons - Loading Data/VikingsLandmarks_Icons_Features.xml
[1237393.520] Creating database save point.
[1237393.520] LocalizedText - Loading Text/en_US/VikingsLandmarks_ConfigText.xml
[1237393.520] LocalizedText - Loading Text/VikingsLandmarks_Translations_ConfigText.xml
[1237393.520] LocalizedText - Loading Text/VikingsLandmarks_Translations_ConfigText_China.xml
[1237393.520] Warning: Unable to load ../../../DLC/VikingsLandmarks/Text/VikingsLandmarks_Translations_ConfigText_China.xml
[1237393.520] Warning: LocalizedText - Failed loading XML.
[1237393.520] Successfully released save point.
[1237393.520] UISettingHandler - Loading DLC2.dep
[1237393.520] UpdateColors - Loading Data/Poland_Jadwiga_Colors.xml
[1237393.520] ModdingUpdateConfigurationDatabase - Loading Data/Poland_Jadwiga_ConfigData.xml
[1237393.520] UpdateIcons - Loading Data/Poland_Jadwiga_Icons_Buildings.xml
[1237393.520] UpdateIcons - Loading Data/Poland_Jadwiga_Icons_Civilizations.xml
[1237393.520] UpdateIcons - Loading Data/Poland_Jadwiga_Icons_Leaders.xml
[1237393.520] UpdateIcons - Loading Data/Poland_Jadwiga_Icons_Units.xml
[1237393.520] Creating database save point.
[1237393.520] LocalizedText - Loading Text/Poland_Translations_ConfigText.xml
[1237393.520] LocalizedText - Loading Text/en_US/Poland_Jadwiga_ConfigText.xml
[1237393.520] Successfully released save point.
[1237393.520] ModdingUpdateConfigurationDatabase - Loading Data/Nubia_ConfigData.xml
[1237393.520] UISettingHandler - Loading DLC5.dep
[1237393.520] UpdateColors - Loading Data/Nubia_Colors.xml
[1237393.520] UpdateColors - Loading Data/Nubia_PlayerColors.xml
[1237393.520] Creating database save point.
[1237393.520] LocalizedText - Loading Text/en_US/Nubia_ConfigText.xml
[1237393.520] LocalizedText - Loading Text/Nubia_Amanitore_Translations_ConfigText.xml
[1237393.520] LocalizedText - Loading Text/Nubia_Amanitore_Translations_ConfigText_China.xml
[1237393.520] Warning: Unable to load ../../../DLC/Nubia_Amanitore/Text/Nubia_Amanitore_Translations_ConfigText_China.xml
[1237393.520] Warning: LocalizedText - Failed loading XML.
[1237393.520] Successfully released save point.
[1237393.520] UpdateIcons - Loading Data/Nubia_Icons_Civilizations.xml
[1237393.520] UpdateIcons - Loading Data/Nubia_Icons_Leaders.xml
[1237393.520] UpdateIcons - Loading Data/Nubia_Icons_UnitActions.xml
[1237393.520] UpdateIcons - Loading Data/Nubia_Icons_UnitPortraits.xml
[1237393.520] UpdateIcons - Loading Data/Nubia_Icons_Units.xml
[1237393.520] ModdingUpdateConfigurationDatabase - Loading ColdWarScenario_Config.xml
[1237393.520] UISettingHandler - Loading PiratesScenario.dep
[1237393.520] ModdingUpdateConfigurationDatabase - Loading Data/PiratesScenario_Config.xml
[1237393.520] UpdateColors - Loading Data/PiratesScenario_PlayerColors.xml
[1237393.520] UpdateIcons - Loading Data/PiratesScenario_Icons_Civilizations.xml
[1237393.520] UpdateIcons - Loading Data/PiratesScenario_Icons_Leaders.xml
[1237393.520] Creating database save point.
[1237393.520] LocalizedText - Loading Text/en_US/PiratesScenario_ConfigText.xml
[1237393.520] LocalizedText - Loading Text/en_US/PiratesScenario_PackageText.xml
[1237393.520] LocalizedText - Loading Text/PiratesScenario_Translations_ConfigText.xml
[1237393.520] LocalizedText - Loading Text/PiratesScenario_Translations_PackageText.xml
[1237393.520] Successfully released save point.
[1237393.520] UISettingHandler - Loading DLC4.dep
[1237393.520] ModdingUpdateConfigurationDatabase - Loading Data/Macedonia_Persia_ConfigData.xml
[1237393.520] UpdateColors - Loading Data/Macedonia_Persia_Colors.xml
[1237393.520] UpdateColors - Loading Data/Macedonia_Persia_PlayerColors.xml
[1237393.520] UpdateIcons - Loading Data/Macedonia_Persia_Icons_Buildings.xml
[1237393.520] UpdateIcons - Loading Data/Macedonia_Persia_Icons_Civilizations.xml
[1237393.520] UpdateIcons - Loading Data/Macedonia_Persia_Icons_Leaders.xml
[1237393.520] UpdateIcons - Loading Data/Macedonia_Persia_Icons_UnitActions.xml
[1237393.520] UpdateIcons - Loading Data/Macedonia_Persia_Icons_UnitPortraits.xml
[1237393.520] UpdateIcons - Loading Data/Macedonia_Persia_Icons_Units.xml
[1237393.520] Creating database save point.
[1237393.520] LocalizedText - Loading Text/en_US/Macedonia_Persia_ConfigText.xml
[1237393.520] LocalizedText - Loading Text/Macedonia_Persia_Translations_ConfigText.xml
[1237393.520] LocalizedText - Loading Text/Macedonia_Persia_Translations_ConfigText_China.xml
[1237393.520] Warning: Unable to load ../../../DLC/Macedonia_Persia/Text/Macedonia_Persia_Translations_ConfigText_China.xml
[1237393.520] Warning: LocalizedText - Failed loading XML.
[1237393.520] Successfully released save point.
[1237393.520] ModdingUpdateConfigurationDatabase - Loading Data/Australia_Config.xml
[1237393.520] UpdateColors - Loading Data/Australia_Colors.xml
[1237393.520] UpdateIcons - Loading Data/Australia_Icons_Civilizations.xml
[1237393.520] UpdateIcons - Loading Data/Australia_Icons_Features.xml
[1237393.520] UpdateIcons - Loading Data/Australia_Icons_Leaders.xml
[1237393.520] UpdateIcons - Loading Data/Australia_Icons_UnitActions.xml
[1237393.520] UpdateIcons - Loading Data/Australia_Icons_UnitPortraits.xml
[1237393.520] UpdateIcons - Loading Data/Australia_Icons_Units.xml
[1237393.520] UISettingHandler - Loading DLC3.dep
[1237393.520] Creating database save point.
[1237393.520] LocalizedText - Loading Text/en_US/Australia_ConfigText.xml
[1237393.520] LocalizedText - Loading Text/Australia_Translations_ConfigText.xml
[1237393.520] LocalizedText - Loading Text/Australia_Translations_ConfigText_China.xml
[1237393.520] Warning: Unable to load ../../../DLC/Australia/Text/Australia_Translations_ConfigText_China.xml
[1237393.520] Warning: LocalizedText - Failed loading XML.
[1237393.520] Successfully released save point.
[1237393.520] UISettingHandler - Loading CivRoyaleScenario.dep
[1237393.520] ModdingUpdateConfigurationDatabase - Loading Data/CivRoyaleScenario_Config.xml
[1237393.520] UpdateColors - Loading Data/CivRoyaleScenario_PlayerColors.xml
[1237393.520] UpdateIcons - Loading Data/CivRoyaleScenario_Icons_Civilizations.xml
[1237393.520] UpdateIcons - Loading Data/CivRoyaleScenario_Icons_Leaders.xml
[1237393.520] UpdateIcons - Loading Data/CivRoyaleScenario_Icons_UnitActions.xml
[1237393.520] UpdateIcons - Loading Data/CivRoyaleScenario_Icons_UnitPortraits.xml
[1237393.520] UpdateIcons - Loading Data/CivRoyaleScenario_Icons_Units.xml
[1237393.520] Creating database save point.
[1237393.520] LocalizedText - Loading Text/en_US/CivRoyaleScenario_ConfigText.xml
[1237393.520] LocalizedText - Loading Text/CivRoyaleScenario_Translations_ConfigText.xml
[1237393.520] LocalizedText - Loading Text/CivRoyaleScenario_Translations_ConfigText_China.xml
[1237393.520] Warning: Unable to load ../../../DLC/CivRoyaleScenario/Text/CivRoyaleScenario_Translations_ConfigText_China.xml
[1237393.520] Warning: LocalizedText - Failed loading XML.
[1237393.520] Successfully released save point.
[1237393.520] ModdingUpdateConfigurationDatabase - Loading AncientRivalsScenario_Config.xml
[1237393.520] ModdingUpdateConfigurationDatabase - Loading ReligiousCombatScenario_Config.xml
[1237393.520] ModdingUpdateConfigurationDatabase - Loading NapoleonScenario_Config.xml
[1237393.520] ModdingUpdateConfigurationDatabase - Loading Data/Indonesia_KhmerScenario_Config.xml
[1237393.520] UISettingHandler - Loading Indonesia_KhmerScenario.dep
[1237393.520] UpdateColors - Loading Data/Indonesia_KhmerScenario_Colors.xml
[1237393.520] UpdateColors - Loading Data/Indonesia_KhmerScenario_PlayerColors.xml
[1237393.520] UpdateIcons - Loading Data/Indonesia_KhmerScenario_Icons_Civilizations.xml
[1237393.520] UpdateIcons - Loading Data/Indonesia_KhmerScenario_Icons_Leaders.xml
[1237393.520] Creating database save point.
[1237393.520] LocalizedText - Loading Text/en_US/Indonesia_KhmerScenario_ConfigText.xml
[1237393.520] LocalizedText - Loading Text/Indonesia_KhmerScenario_Translations_ConfigText.xml
[1237393.520] LocalizedText - Loading Text/Indonesia_KhmerScenario_Translations_ConfigText_China.xml
[1237393.520] Warning: Unable to load ../../../DLC/Indonesia_KhmerScenario/Text/Indonesia_KhmerScenario_Translations_ConfigText_China.xml
[1237393.520] Warning: LocalizedText - Failed loading XML.
[1237393.520] Successfully released save point.
[1237393.520] UpdateColors - Loading Data/VikingsScenario_Colors.xml
[1237393.520] UpdateColors - Loading Data/VikingsScenario_PlayerColors_Config.xml
[1237393.520] UpdateIcons - Loading Data/VikingsScenario_Icons_Config.xml
[1237393.520] ModdingUpdateConfigurationDatabase - Loading Data/VikingsScenario_Config.xml
[1237393.520] Creating database save point.
[1237393.520] LocalizedText - Loading Text/VikingsScenario_Translations_ConfigText.xml
[1237393.520] LocalizedText - Loading Text/VikingsScenario_Translations_ConfigText_China.xml
[1237393.520] Warning: Unable to load ../../../DLC/VikingsScenario/Text/VikingsScenario_Translations_ConfigText_China.xml
[1237393.520] Warning: LocalizedText - Failed loading XML.
[1237393.520] LocalizedText - Loading Text/en_US/VikingsScenario_ConfigText.xml
[1237393.520] Successfully released save point.
[1237393.520] UISettingHandler - Loading VikingScenario.dep
[1237393.520] UpdateIcons - Loading Data/PolandScenario_Icons_Config.xml
[1237393.520] UISettingHandler - Loading PolandScenario.dep
[1237393.520] UpdateColors - Loading Data/PolandScenario_Colors.xml
[1237393.520] UpdateColors - Loading Data/PolandScenario_PlayerColors.xml
[1237393.520] ModdingUpdateConfigurationDatabase - Loading Data/PolandScenario_Config.xml
[1237394.520] Creating database save point.
[1237394.520] LocalizedText - Loading Text/PolandScenario_Translations_ConfigText.xml
[1237394.520] LocalizedText - Loading Text/PolandScenario_Translations_ConfigText_China.xml
[1237394.520] Warning: Unable to load ../../../DLC/PolandScenario/Text/PolandScenario_Translations_ConfigText_China.xml
[1237394.520] Warning: LocalizedText - Failed loading XML.
[1237394.520] LocalizedText - Loading Text/en_US/PolandScenario_ConfigText.xml
[1237394.520] Successfully released save point.
[1237394.520] ModdingUpdateConfigurationDatabase - Loading Data/NubiaScenario_Config.xml
[1237394.520] UISettingHandler - Loading NubiaScenario.dep
[1237394.520] UpdateColors - Loading Data/NubiaScenario_Colors.xml
[1237394.520] UpdateColors - Loading Data/NubiaScenario_PlayerColors.xml
[1237394.520] UpdateIcons - Loading Data/NubiaScenario_Icons_Config.xml
[1237394.520] Creating database save point.
[1237394.520] LocalizedText - Loading Text/en_US/NubiaScenario_ConfigText.xml
[1237394.520] LocalizedText - Loading Text/NubiaScenario_Translations_ConfigText.xml
[1237394.520] LocalizedText - Loading Text/NubiaScenario_Translations_ConfigText_China.xml
[1237394.520] Warning: Unable to load ../../../DLC/NubiaScenario/Text/NubiaScenario_Translations_ConfigText_China.xml
[1237394.520] Warning: LocalizedText - Failed loading XML.
[1237394.520] Successfully released save point.
[1237394.520] UISettingHandler - Loading AlexanderScenario.dep
[1237394.520] ModdingUpdateConfigurationDatabase - Loading Data/AlexanderScenario_Config.xml
[1237394.520] Creating database save point.
[1237394.520] LocalizedText - Loading Text/en_US/AlexanderScenario_ConfigText.xml
[1237394.520] LocalizedText - Loading Text/AlexanderScenario_Translations_ConfigText.xml
[1237394.520] LocalizedText - Loading Text/AlexanderScenario_Translations_ConfigText_China.xml
[1237394.520] Warning: Unable to load ../../../DLC/AlexanderScenario/Text/AlexanderScenario_Translations_ConfigText_China.xml
[1237394.520] Warning: LocalizedText - Failed loading XML.
[1237394.520] Successfully released save point.
[1237394.520] UISettingHandler - Loading Expansion1.dep
[1237394.520] UpdateColors - Loading Data/Expansion1_PlayerColors.xml
[1237394.520] UpdateIcons - Loading Data/Expansion1_Icons_Buildings.xml
[1237394.520] UpdateIcons - Loading Data/Expansion1_Icons_CityStates.xml
[1237394.520] UpdateIcons - Loading Data/Expansion1_Icons_Civilizations.xml
[1237394.520] UpdateIcons - Loading Data/Expansion1_Icons_Districts.xml
[1237394.520] UpdateIcons - Loading Data/Expansion1_Icons_Features.xml
[1237394.520] UpdateIcons - Loading Data/Expansion1_Icons_FontIcons.xml
[1237394.520] UpdateIcons - Loading Data/Expansion1_Icons_Improvements.xml
[1237394.520] UpdateIcons - Loading Data/Expansion1_Icons_Leaders.xml
[1237394.520] UpdateIcons - Loading Data/Expansion1_Icons_UnitPortraits.xml
[1237394.520] UpdateIcons - Loading Data/Expansion1_Icons_Units.xml
[1237394.520] ModdingUpdateConfigurationDatabase - Loading Config/Expansion1_Config.xml
[1237394.520] ModdingUpdateConfigurationDatabase - Loading Config/Expansion1_EarthMaps.xml
[1237394.520] ModdingUpdateConfigurationDatabase - Loading Config/Expansion1_Players.xml
[1237394.520] ModdingUpdateConfigurationDatabase - Loading Config/Expansion1_StandardMaps.xml
[1237394.520] Creating database save point.
[1237394.520] LocalizedText - Loading Text/en_US/Expansion1_ConfigText.xml
[1237394.520] LocalizedText - Loading Text/en_US/Expansion1_HallofFame_Text.xml
[1237394.520] LocalizedText - Loading Text/Expansion1_Translations_ConfigText.xml
[1237394.520] LocalizedText - Loading Text/Expansion1_Translations_ConfigText_China.xml
[1237394.520] Warning: Unable to load ../../../DLC/Expansion1/Text/Expansion1_Translations_ConfigText_China.xml
[1237394.520] Warning: LocalizedText - Failed loading XML.
[1237394.520] Successfully released save point.
[1237394.520] UpdateColors - Loading Data/AustraliaScenario_Colors.xml
[1237394.520] UpdateColors - Loading Data/AustraliaScenario_PlayerColors.xml
[1237394.520] UpdateIcons - Loading Data/AustraliaScenario_Icons_Civilizations.xml
[1237394.520] UpdateIcons - Loading Data/AustraliaScenario_Icons_Leaders.xml
[1237394.520] UISettingHandler - Loading AustraliaScenario.dep
[1237394.520] ModdingUpdateConfigurationDatabase - Loading Data/AustraliaScenario_Config.xml
[1237394.520] Creating database save point.
[1237394.520] LocalizedText - Loading Text/en_US/AustraliaScenario_ConfigText.xml
[1237394.520] LocalizedText - Loading Text/AustraliaScenario_Translations_ConfigText.xml
[1237394.520] LocalizedText - Loading Text/AustraliaScenario_Translations_ConfigText_China.xml
[1237394.520] Warning: Unable to load ../../../DLC/AustraliaScenario/Text/AustraliaScenario_Translations_ConfigText_China.xml
[1237394.520] Warning: LocalizedText - Failed loading XML.
[1237394.520] Successfully released save point.
[1237394.520] UISettingHandler - Loading Expansion2.dep
[1237394.520] Creating database save point.
[1237394.520] LocalizedText - Loading Text/en_US/Expansion1_HallofFame_Text.xml
[1237394.520] LocalizedText - Loading Text/en_US/Expansion2_ConfigText.xml
[1237394.520] LocalizedText - Loading Text/en_US/Expansion2_HallofFame_Text.xml
[1237394.520] LocalizedText - Loading Text/Expansion2_Translations_ConfigText.xml
[1237394.520] LocalizedText - Loading Text/Expansion2_Translations_ConfigText_China.xml
[1237394.520] Warning: Unable to load ../../../DLC/Expansion2/Text/Expansion2_Translations_ConfigText_China.xml
[1237394.520] Warning: LocalizedText - Failed loading XML.
[1237394.520] Successfully released save point.
[1237394.520] ModdingUpdateConfigurationDatabase - Loading Config/Expansion2_Config.xml
[1237394.520] ModdingUpdateConfigurationDatabase - Loading Config/Expansion2_EarthMaps.xml
[1237394.520] ModdingUpdateConfigurationDatabase - Loading Config/Expansion2_Players.xml
[1237394.520] ModdingUpdateConfigurationDatabase - Loading Config/Expansion2_StandardMaps.xml
[1237394.520] UpdateColors - Loading Data/Expansion2_PlayerColors.xml
[1237394.520] UpdateIcons - Loading Data/Expansion1_Icons_FontIcons.xml
[1237394.520] UpdateIcons - Loading Data/Expansion2_Icons_Beliefs.xml
[1237394.520] UpdateIcons - Loading Data/Expansion2_Icons_Buildings.xml
[1237394.520] UpdateIcons - Loading Data/Expansion2_Icons_CityStates.xml
[1237394.520] UpdateIcons - Loading Data/Expansion2_Icons_Civilizations.xml
[1237394.520] UpdateIcons - Loading Data/Expansion2_Icons_DistrictBuildings.xml
[1237394.520] UpdateIcons - Loading Data/Expansion2_Icons_Districts.xml
[1237394.520] UpdateIcons - Loading Data/Expansion2_Icons_EnvironmentalEffects.xml
[1237394.520] UpdateIcons - Loading Data/Expansion2_Icons_Features.xml
[1237394.520] UpdateIcons - Loading Data/Expansion2_Icons_FontIcons.xml
[1237394.520] UpdateIcons - Loading Data/Expansion2_Icons_Leaders.xml
[1237394.520] UpdateIcons - Loading Data/Expansion2_Icons_Stats.xml
[1237394.520] UpdateIcons - Loading Data/Expansion2_Icons_UnitActions.xml
[1237394.520] UpdateIcons - Loading Data/Expansion2_Icons_UnitPortraits.xml
[1237394.520] UpdateIcons - Loading Data/Expansion2_Icons_Units.xml
[1237394.520] UpdateIcons - Loading Data/Expansion2_Icons_Victories.xml
[1237394.520] UpdateIcons - Loading Data/Expansion2_Icons_Yields.xml
[1237394.520] UISettingHandler - Loading TeddyRoosevelt.dep
[1237394.520] UpdateColors - Loading Data/TeddyRoosevelt_Colors.xml
[1237394.520] ModdingUpdateConfigurationDatabase - Loading Data/TeddyRoosevelt_ConfigData.xml
[1237394.520] UpdateIcons - Loading Data/TeddyRoosevelt_Icons.xml
[1237394.520] Creating database save point.
[1237394.520] LocalizedText - Loading Text/en_US/TeddyRoosevelt_ConfigText.xml
[1237394.520] LocalizedText - Loading Text/en_US/TeddyRoosevelt_PackageText.xml
[1237394.520] LocalizedText - Loading Text/TeddyRoosevelt_Translations_ConfigText.xml
[1237394.520] LocalizedText - Loading Text/TeddyRoosevelt_Translations_PackageText.xml
[1237394.520] Successfully released save point.
[1237394.520] UISettingHandler - Loading BarbarianClansMode.dep
[1237394.520] ModdingUpdateConfigurationDatabase - Loading Data/BarbarianClansMode_ConfigData.xml
[1237394.520] UpdateIcons - Loading Data/BarbarianClansMode_Icons.xml
[1237394.520] UpdateIcons - Loading Data/BarbarianClansMode_Icons_GameModes.xml
[1237394.520] Creating database save point.
[1237394.520] LocalizedText - Loading Text/en_US/BarbarianClansMode_ConfigText.xml
[1237394.520] LocalizedText - Loading Text/en_US/BarbarianClansMode_PackageText.xml
[1237394.520] LocalizedText - Loading Text/BarbarianClansMode_Translations_ConfigText.xml
[1237394.520] LocalizedText - Loading Text/BarbarianClansMode_Translations_PackageText.xml
[1237394.520] Successfully released save point.
[1237394.520] UISettingHandler - Loading TreeRandomizer.dep
[1237394.520] ModdingUpdateConfigurationDatabase - Loading Data/TreeRandomizer_ConfigData.xml
[1237394.520] UpdateIcons - Loading Data/TreeRandomizer_Icons_GameModes.xml
[1237394.520] Creating database save point.
[1237394.520] LocalizedText - Loading Text/en_US/TreeRandomizer_ConfigText.xml
[1237394.520] LocalizedText - Loading Text/en_US/TreeRandomizer_PackageText.xml
[1237394.520] LocalizedText - Loading Text/TreeRandomizer_Translations_ConfigText.xml
[1237394.520] LocalizedText - Loading Text/TreeRandomizer_Translations_PackageText.xml
[1237394.520] Successfully released save point.
[1237394.520] UISettingHandler - Loading WarMachineScenario.dep
[1237394.520] UpdateColors - Loading Data/WarMachineScenario_PlayerColors.xml
[1237394.520] UpdateIcons - Loading Data/WarMachineScenario_AllIcons.xml
[1237394.520] ModdingUpdateConfigurationDatabase - Loading Data/WarMachineScenario_Config.xml
[1237394.520] Creating database save point.
[1237394.520] LocalizedText - Loading Text/en_US/WarMachineScenario_ConfigText.xml
[1237394.520] LocalizedText - Loading Text/WarMachineScenario_Translations_ConfigText.xml
[1237394.520] LocalizedText - Loading Text/WarMachineScenario_Translations_ConfigText_China.xml
[1237394.520] Warning: Unable to load ../../../DLC/WarMachineScenario/Text/WarMachineScenario_Translations_ConfigText_China.xml
[1237394.520] Warning: LocalizedText - Failed loading XML.
[1237394.520] Successfully released save point.
[1237394.520] UISettingHandler - Loading GranColombia_Maya.dep
[1237394.520] UpdateColors - Loading Data/GranColombia_Maya_Colors.xml
[1237394.520] ModdingUpdateConfigurationDatabase - Loading Data/GranColombia_Maya_ConfigData.xml
[1237394.520] UpdateIcons - Loading Data/GranColombia_Maya_Icons_Civilizations.xml
[1237394.520] UpdateIcons - Loading Data/GranColombia_Maya_Icons_Districts.xml
[1237394.520] UpdateIcons - Loading Data/GranColombia_Maya_Icons_Emergencies.xml
[1237394.520] UpdateIcons - Loading Data/GranColombia_Maya_Icons_Features.xml
[1237394.520] UpdateIcons - Loading Data/GranColombia_Maya_Icons_FontIcons.xml
[1237394.520] UpdateIcons - Loading Data/GranColombia_Maya_Icons_GameModes.xml
[1237394.520] UpdateIcons - Loading Data/GranColombia_Maya_Icons_Leaders.xml
[1237394.520] UpdateIcons - Loading Data/GranColombia_Maya_Icons_Notifications.xml
[1237394.520] UpdateIcons - Loading Data/GranColombia_Maya_Icons_Resources.xml
[1237394.520] UpdateIcons - Loading Data/GranColombia_Maya_Icons_UnitActions.xml
[1237394.520] UpdateIcons - Loading Data/GranColombia_Maya_Icons_UnitPortraits.xml
[1237394.520] UpdateIcons - Loading Data/GranColombia_Maya_Icons_Units.xml
[1237394.520] UpdateIcons - Loading Data/GranColombia_Maya_Icons_WorldBuilder_Features.xml
[1237394.520] Creating database save point.
[1237394.520] LocalizedText - Loading Text/en_US/GranColombia_Maya_ConfigText.xml
[1237394.520] LocalizedText - Loading Text/en_US/GranColombia_Maya_PackageText.xml
[1237394.520] LocalizedText - Loading Text/GranColombia_Maya_Translations_ConfigText.xml
[1237394.520] LocalizedText - Loading Text/GranColombia_Maya_Translations_PackageText.xml
[1237394.520] Successfully released save point.
[1237394.520] UISettingHandler - Loading Byzantium_Gaul.dep
[1237394.520] ModdingUpdateConfigurationDatabase - Loading Data/Byzantium_Gaul_ConfigData.xml
[1237394.520] ModdingUpdateConfigurationDatabase - Loading Data/Byzantium_Gaul_StandardMaps.xml
[1237394.520] UpdateColors - Loading Data/Byzantium_Gaul_Colors.xml
[1237394.520] Creating database save point.
[1237394.520] LocalizedText - Loading Text/en_US/Byzantium_Gaul_ConfigText.xml
[1237394.520] LocalizedText - Loading Text/en_US/Byzantium_Gaul_PackageText.xml
[1237394.520] LocalizedText - Loading Text/Byzantium_Gaul_Translations_ConfigText.xml
[1237394.520] LocalizedText - Loading Text/Byzantium_Gaul_Translations_PackageText.xml
[1237394.520] Successfully released save point.
[1237394.520] UpdateIcons - Loading Data/Byzantium_Gaul_Icons_Civilizations.xml
[1237394.520] UpdateIcons - Loading Data/Byzantium_Gaul_Icons_Districts.xml
[1237394.520] UpdateIcons - Loading Data/Byzantium_Gaul_Icons_FontIcons.xml
[1237394.520] UpdateIcons - Loading Data/Byzantium_Gaul_Icons_GameModes.xml
[1237394.520] UpdateIcons - Loading Data/Byzantium_Gaul_Icons_Leaders.xml
[1237394.520] UpdateIcons - Loading Data/Byzantium_Gaul_Icons_UnitPortraits.xml
[1237394.520] UpdateIcons - Loading Data/Byzantium_Gaul_Icons_Units.xml
[1237394.520] UpdateIcons - Loading Data/Byzantium_Gaul_Icons_Wonders.xml
[1237394.520] UISettingHandler - Loading KublaiKhan_Vietnam.dep
[1237394.520] ModdingUpdateConfigurationDatabase - Loading Data/KublaiKhan_Vietnam_ConfigData.xml
[1237394.520] ModdingUpdateConfigurationDatabase - Loading Data/KublaiKhan_Vietnam_ConfigData_Mongolia.xml
[1237394.520] UpdateColors - Loading Data/KublaiKhan_Vietnam_Colors.xml
[1237394.520] UpdateIcons - Loading Data/KublaiKhan_Vietnam_Icons_Buildings.xml
[1237394.520] UpdateIcons - Loading Data/KublaiKhan_Vietnam_Icons_Civilizations.xml
[1237394.520] UpdateIcons - Loading Data/KublaiKhan_Vietnam_Icons_Districts.xml
[1237394.520] UpdateIcons - Loading Data/KublaiKhan_Vietnam_Icons_Leaders.xml
[1237394.520] UpdateIcons - Loading Data/KublaiKhan_Vietnam_Icons_UnitPortraits.xml
[1237394.520] UpdateIcons - Loading Data/KublaiKhan_Vietnam_Icons_Units.xml
[1237394.520] UpdateIcons - Loading Data/KublaiKhan_Vietnam_Icons_MODE.xml
[1237394.520] Creating database save point.
[1237394.520] LocalizedText - Loading Text/en_US/KublaiKhan_Vietnam_ConfigText.xml
[1237394.520] LocalizedText - Loading Text/en_US/KublaiKhan_Vietnam_PackageText.xml
[1237394.520] LocalizedText - Loading Text/KublaiKhan_Vietnam_Translations_ConfigText.xml
[1237394.520] LocalizedText - Loading Text/KublaiKhan_Vietnam_Translations_PackageText.xml
[1237394.520] Successfully released save point.
[1237394.520] UpdateColors - Loading Data/BlackDeathScenario_PlayerColors.xml
[1237394.520] UpdateIcons - Loading Data/BlackDeathScenario_Icons_Civilizations.xml
[1237394.520] UpdateIcons - Loading Data/BlackDeathScenario_Icons_Leaders.xml
[1237394.520] UpdateIcons - Loading Data/BlackDeathScenario_Icons_Units.xml
[1237394.520] UISettingHandler - Loading BlackDeathScenario.dep
[1237394.520] ModdingUpdateConfigurationDatabase - Loading Data/BlackDeathScenario_Config.xml
[1237394.520] Creating database save point.
[1237394.520] LocalizedText - Loading Text/en_US/BlackDeathScenario_ConfigText.xml
[1237394.520] LocalizedText - Loading Text/BlackDeathScenario_Translations_ConfigText.xml
[1237394.520] LocalizedText - Loading Text/BlackDeathScenario_Translations_ConfigText_China.xml
[1237394.520] Warning: Unable to load ../../../DLC/BlackDeathScenario/Text/BlackDeathScenario_Translations_ConfigText_China.xml
[1237394.520] Warning: LocalizedText - Failed loading XML.
[1237394.520] Successfully released save point.
[1237394.520] UISettingHandler - Loading CatherineDeMedici.dep
[1237394.520] UpdateColors - Loading Data/CatherineDeMedici_Colors.xml
[1237394.520] ModdingUpdateConfigurationDatabase - Loading Data/CatherineDeMedici_ConfigData.xml
[1237394.520] UpdateIcons - Loading Data/CatherineDeMedici_Icons.xml
[1237394.520] Creating database save point.
[1237394.520] LocalizedText - Loading Text/en_US/CatherineDeMedici_ConfigText.xml
[1237394.520] LocalizedText - Loading Text/en_US/CatherineDeMedici_PackageText.xml
[1237394.520] LocalizedText - Loading Text/CatherineDeMedici_Translations_ConfigText.xml
[1237394.520] LocalizedText - Loading Text/CatherineDeMedici_Translations_PackageText.xml
[1237394.520] Successfully released save point.
[1237394.520] UISettingHandler - Loading Ethiopia.dep
[1237394.520] UpdateColors - Loading Data/Ethiopia_Colors.xml
[1237394.520] UpdateIcons - Loading Data/Ethiopia_Icons_Relics_MODE.xml
[1237394.520] UpdateIcons - Loading Data/Ethiopia_Icons_Buildings.xml
[1237394.520] UpdateIcons - Loading Data/Ethiopia_Icons_Civilizations.xml
[1237394.520] UpdateIcons - Loading Data/Ethiopia_Icons_Districts.xml
[1237394.520] UpdateIcons - Loading Data/Ethiopia_Icons_GameModes.xml
[1237394.520] UpdateIcons - Loading Data/Ethiopia_Icons_Leaders.xml
[1237394.520] UpdateIcons - Loading Data/Ethiopia_Icons_Notifications.xml
[1237394.520] UpdateIcons - Loading Data/Ethiopia_Icons_Projects.xml
[1237394.520] UpdateIcons - Loading Data/Ethiopia_Icons_Resources.xml
[1237394.520] UpdateIcons - Loading Data/Ethiopia_Icons_UnitActions.xml
[1237394.520] UpdateIcons - Loading Data/Ethiopia_Icons_UnitPortraits.xml
[1237394.520] UpdateIcons - Loading Data/Ethiopia_Icons_Units.xml
[1237394.520] ModdingUpdateConfigurationDatabase - Loading Data/Ethiopia_ConfigData.xml
[1237394.520] Creating database save point.
[1237394.520] LocalizedText - Loading Text/en_US/Ethiopia_ConfigText.xml
[1237394.520] LocalizedText - Loading Text/en_US/Ethiopia_PackageText.xml
[1237394.520] LocalizedText - Loading Text/Ethiopia_Translations_ConfigText.xml
[1237394.520] LocalizedText - Loading Text/Ethiopia_Translations_PackageText.xml
[1237394.520] Successfully released save point.
[1237394.520] UISettingHandler - Loading Babylon.dep
[1237394.520] ModdingUpdateConfigurationDatabase - Loading Data/Babylon_ConfigData.xml
[1237394.520] UpdateColors - Loading Data/Babylon_Colors.xml
[1237394.520] UpdateColors - Loading Data/Babylon_Colors_Config.xml
[1237394.520] UpdateIcons - Loading Data/Babylon_Icons_Buildings.xml
[1237394.520] UpdateIcons - Loading Data/Babylon_Icons_Civilizations.xml
[1237394.520] UpdateIcons - Loading Data/Babylon_Icons_FontIcons.xml
[1237394.520] UpdateIcons - Loading Data/Babylon_Icons_GameModes.xml
[1237394.520] UpdateIcons - Loading Data/Babylon_Icons_Leaders.xml
[1237394.520] UpdateIcons - Loading Data/Babylon_Icons_UnitPortraits.xml
[1237394.520] UpdateIcons - Loading Data/Babylon_Icons_Units.xml
[1237394.520] Creating database save point.
[1237394.520] LocalizedText - Loading Text/en_US/Babylon_ConfigText.xml
[1237394.520] LocalizedText - Loading Text/Babylon_Translations_ConfigText.xml
[1237394.520] Successfully released save point.
[1237394.520] UISettingHandler - Loading Portugal.dep
[1237394.520] ModdingUpdateConfigurationDatabase - Loading Data/Portugal_ConfigData.xml
[1237394.520] ModdingUpdateConfigurationDatabase - Loading Data/Portugal_StandardMaps.xml
[1237394.520] UpdateColors - Loading Data/Portugal_Colors.xml
[1237394.520] Creating database save point.
[1237394.520] LocalizedText - Loading Text/en_US/Portugal_ConfigText.xml
[1237394.520] LocalizedText - Loading Text/en_US/Portugal_PackageText.xml
[1237394.520] LocalizedText - Loading Text/Portugal_Translations_ConfigText.xml
[1237394.520] LocalizedText - Loading Text/Portugal_Translations_PackageText.xml
[1237394.520] Successfully released save point.
[1237394.520] UpdateIcons - Loading Data/Portugal_Icons_Buildings.xml
[1237394.520] UpdateIcons - Loading Data/Portugal_Icons_Civilizations.xml
[1237394.520] UpdateIcons - Loading Data/Portugal_Icons_Leaders.xml
[1237394.520] UpdateIcons - Loading Data/Portugal_Icons_UnitActions.xml
[1237394.520] UpdateIcons - Loading Data/Portugal_Icons_UnitPortraits.xml
[1237394.520] UpdateIcons - Loading Data/Portugal_Icons_Units.xml
[1237394.520] UpdateIcons - Loading Data/Portugal_Icons_Wonders.xml
[1237394.520] UpdateIcons - Loading Data/Zombies_Icons_GameModes.xml
[1237394.520] Modding Framework - Finished Apply Settings
[1237394.520] ConfigureContent - Importing implicit files, post settings
[1237395.520] Successfully reconfigured game.
[1237395.520] No need to reconfigure game content, marking it finished
[1237399.520] No need to reconfigure game content, marking it finished
[1237402.520] Warning: The activation order of mods is not the same as it was with a prior sorting algorithm.
[1237402.520] Configuring game content
[1237402.520] Enabled Mods (in no particular order):
[1237402.520] 02A8BDDE-67EA-4D38-9540-26E685E3156E (LOC_AZTEC_MONTEZUMA_MOD_TITLE)
[1237402.520] 05698E46-1032-43C7-A40C-FA3D02858D2A (LOC_MOD_VIKINGS_SCENARIO_TITLE)
[1237402.520] 113D9459-0A3B-4FCB-A49C-483F40303575 (Teddy Roosevelt Persona Pack)
[1237402.520] 19ED1A36-D744-4A58-8F8B-0376C2BA86E5 (Barbarian Clans Game Mode)
[1237402.520] 19d1c7ec-54de-11ea-a2e3-2e728ce88125 (Tech and Civic Shuffle Game Mode)
[1237402.520] 1B28771A-C749-434B-9053-D1380C553DE9 (LOC_EXPANSION1_MOD_TITLE)
[1237402.520] 1B394FE9-23DC-4868-8F0A-5220CB8FB427 (Ethiopia Pack)
[1237402.520] 1F367231-A040-4793-BDBB-088816853683 (LOC_INDONESIA_KHMER_MOD_TITLE)
[1237402.520] 2F3A65C2-0883-4BF6-8C70-EDA688C66F3C (LOC_MOD_ALEXANDER_SCENARIO_TITLE)
[1237402.520] 2F6E858A-28EF-46B3-BEAC-B985E52E9BC1 (LOC_MOD_VIKINGSLANDMARKS_TITLE)
[1237402.520] 3809975F-263F-40A2-A747-8BFB171D821A (LOC_POLAND_JADWIGA_MOD_TITLE)
[1237402.520] 4873eb62-8ccc-4574-b784-dda455e74e68 (LOC_EXPANSION2_MOD_TITLE)
[1237402.520] 5B0445C9-1376-45AD-9B51-C96A83A8F17D (LOC_WARMACHINE_MOD_TITLE)
[1237402.520] 643EA320-8E1A-4CF1-A01C-00D88DDD131A (LOC_NUBIA_MOD_TITLE)
[1237402.520] 648CD2A8-057A-4EB5-9E41-E1F7D86B5443 (LOC_COLDWAR_MOD_TITLE)
[1237402.520] 7619F77B-BAA7-4912-AA6E-45C124E6ECFD (LOC_MOD_NUBIA_SCENARIO_TITLE)
[1237402.520] 8424840C-92EF-4426-A9B4-B4E0CB818049 (Babylon Pack)
[1237402.520] 8550ED6C-E370-426C-80CD-AB4B46B201DD (LOC_MOD_INDONESIA_KHMER_SCENARIO_TITLE)
[1237402.520] 9DE86512-DE1A-400D-8C0A-AB46EBBF76B9 (Maya and Gran Colombia Pack)
[1237402.520] A1100FC4-70F2-4129-AC27-2A65A685ED08 (Byzantium and Gaul Pack)
[1237402.520] A3F42CD4-6C3E-4F5A-BC81-BE29E0C0B87C (Vietnam and Kublai Khan Pack)
[1237402.520] A55FAFB4-9070-4597-9453-B28A99910CDA (Multiplayer Scenario: Pirates)
[1237402.520] C1F775D8-59B5-401B-B86D-78FAF3446EC7 (LOC_BLACKDEATH_MOD_TITLE)
[1237402.520] CD953AD5-2869-4654-91EC-E48D118EF3F3 (LOC_MOD_POLAND_SCENARIO_TITLE)
[1237402.520] CE5876CD-6900-46D1-9C9C-8DBA1F28872E (Catherine de Medici Persona Pack)
[1237402.520] D70C8F1F-3954-460F-A9D9-09498BF773C9 (LOC_MOD_AUSTRALIA_SCENARIO_TITLE)
[1237402.520] E2749E9A-8056-45CD-901B-C368C8E83DEB (LOC_MACEDONIA_PERSIA_MOD_TITLE)
[1237402.520] E3F53C61-371C-440B-96CE-077D318B36C0 (LOC_AUSTRALIA_MOD_TITLE)
[1237402.520] F264EE10-F21B-4A9A-BBCD-D534E9843E90 (LOC_CIV_ROYALE_MOD_TITLE)
[1237402.520] F653805E-F7C8-44E1-8CBD-FB48D7AABCBA (LOC_ANCIENT_RIVALS_MOD_TITLE)
[1237402.520] FFDF4E79-DEE2-47BB-919B-F5739106627A (Portugal Pack)
[1237402.520] {455B6E2D-821D-4D49-9FCD-FC950AC6A521} (LOC_RELIGIOUS_COMBAT_MOD_TITLE)
[1237402.520] {5E991A08-08FD-4774-968B-A85377ECF60D} (LOC_NAPOLEON_MOD_TITLE)
[1237402.520] Target Mods (in no particular order):
[1237402.520] 2F3A65C2-0883-4BF6-8C70-EDA688C66F3C (LOC_MOD_ALEXANDER_SCENARIO_TITLE)
[1237402.520] E2749E9A-8056-45CD-901B-C368C8E83DEB (LOC_MACEDONIA_PERSIA_MOD_TITLE)
[1237402.520] Game configuration needs to change to match target config.
[1237402.520] Performing pre-configure processing.
[1237402.520] Rebuilding configuration database.
[1237402.520] Reverted Localization database to its original state.
[1237402.520] Reverted Configuration database to its original state.
[1237402.520] ConfigureContent - Importing implicit files, pre settings
[1237402.520] Applying settings.
[1237402.520] Modding Framework - Apply Settings
[1237402.520] UISettingHandler - Loading DLC4.dep
[1237402.520] ModdingUpdateConfigurationDatabase - Loading Data/Macedonia_Persia_ConfigData.xml
[1237402.520] UpdateColors - Loading Data/Macedonia_Persia_Colors.xml
[1237402.520] UpdateColors - Loading Data/Macedonia_Persia_PlayerColors.xml
[1237402.520] UpdateIcons - Loading Data/Macedonia_Persia_Icons_Buildings.xml
[1237402.520] UpdateIcons - Loading Data/Macedonia_Persia_Icons_Civilizations.xml
[1237402.520] UpdateIcons - Loading Data/Macedonia_Persia_Icons_Leaders.xml
[1237402.520] UpdateIcons - Loading Data/Macedonia_Persia_Icons_UnitActions.xml
[1237402.520] UpdateIcons - Loading Data/Macedonia_Persia_Icons_UnitPortraits.xml
[1237402.520] UpdateIcons - Loading Data/Macedonia_Persia_Icons_Units.xml
[1237402.520] Creating database save point.
[1237402.520] LocalizedText - Loading Text/en_US/Macedonia_Persia_ConfigText.xml
[1237402.520] LocalizedText - Loading Text/Macedonia_Persia_Translations_ConfigText.xml
[1237402.520] LocalizedText - Loading Text/Macedonia_Persia_Translations_ConfigText_China.xml
[1237402.520] Warning: Unable to load ../../../DLC/Macedonia_Persia/Text/Macedonia_Persia_Translations_ConfigText_China.xml
[1237402.520] Warning: LocalizedText - Failed loading XML.
[1237402.520] Successfully released save point.
[1237402.520] UISettingHandler - Loading AlexanderScenario.dep
[1237402.520] ModdingUpdateConfigurationDatabase - Loading Data/AlexanderScenario_Config.xml
[1237402.520] Creating database save point.
[1237402.520] LocalizedText - Loading Text/en_US/AlexanderScenario_ConfigText.xml
[1237402.520] LocalizedText - Loading Text/AlexanderScenario_Translations_ConfigText.xml
[1237402.520] LocalizedText - Loading Text/AlexanderScenario_Translations_ConfigText_China.xml
[1237402.520] Warning: Unable to load ../../../DLC/AlexanderScenario/Text/AlexanderScenario_Translations_ConfigText_China.xml
[1237402.520] Warning: LocalizedText - Failed loading XML.
[1237402.520] Successfully released save point.
[1237402.520] Modding Framework - Finished Apply Settings
[1237402.520] ConfigureContent - Importing implicit files, post settings
[1237403.520] Successfully reconfigured game.
[1237403.520] No need to reconfigure game content, marking it finished
[1237403.520] ************************************************************
[1237403.520] Updating game content
[1237403.520] ************************************************************
[1237403.520] No need to reconfigure game content, marking it finished
[1237403.520] Applied in-game actions (in order of application):
[1237403.520] E2749E9A-8056-45CD-901B-C368C8E83DEB (LOC_MACEDONIA_PERSIA_MOD_TITLE)
[1237403.520]  * MacedoniaArt (UpdateArt)
[1237403.520]  * MacedoniaAudio (UpdateAudio)
[1237403.520]  * MacedoniaGameplay (UpdateDatabase)
[1237403.520]  * MacedoniaGameplayIcons (UpdateIcons)
[1237403.520]  * MacedoniaText (UpdateText)
[1237403.520] 2F3A65C2-0883-4BF6-8C70-EDA688C66F3C (LOC_MOD_ALEXANDER_SCENARIO_TITLE)
[1237403.520]  * AlexanderScenarioArt (UpdateArt)
[1237403.520]  * AlexanderScenarioColors (UpdateColors)
[1237403.520]  * AlexanderScenarioGameplayIcons (UpdateIcons)
[1237403.520]  * AlexanderScenarioARX (UpdateLogitechARX)
[1237403.520]  * AlexanderScenarioScripts (AddGameplayScripts)
[1237403.520]  * WorldRankings_AlexanderScenario (ReplaceUIScript)
[1237403.520]  * AlexanderScenarioUI (ImportFiles)
[1237403.520]  * AlexanderScenarioGameplay (UpdateDatabase)
[1237403.520]  * AlexanderScenarioText (UpdateText)
[1237403.520] 70c9b163-18cb-46bf-a326-e8369666d722 (AI+)
[1237403.520]  * Gameplay (UpdateDatabase)
[1237403.520] Target in-game actions (in order of application):
[1237403.520] E2749E9A-8056-45CD-901B-C368C8E83DEB (LOC_MACEDONIA_PERSIA_MOD_TITLE)
[1237403.520]  * MacedoniaArt (UpdateArt)
[1237403.520]  * MacedoniaAudio (UpdateAudio)
[1237403.520]  * MacedoniaGameplay (UpdateDatabase)
[1237403.520]  * MacedoniaGameplayIcons (UpdateIcons)
[1237403.520]  * MacedoniaText (UpdateText)
[1237403.520] 2F3A65C2-0883-4BF6-8C70-EDA688C66F3C (LOC_MOD_ALEXANDER_SCENARIO_TITLE)
[1237403.520]  * AlexanderScenarioArt (UpdateArt)
[1237403.520]  * AlexanderScenarioColors (UpdateColors)
[1237403.520]  * AlexanderScenarioGameplayIcons (UpdateIcons)
[1237403.520]  * AlexanderScenarioARX (UpdateLogitechARX)
[1237403.520]  * AlexanderScenarioScripts (AddGameplayScripts)
[1237403.520]  * WorldRankings_AlexanderScenario (ReplaceUIScript)
[1237403.520]  * AlexanderScenarioUI (ImportFiles)
[1237403.520]  * AlexanderScenarioGameplay (UpdateDatabase)
[1237403.520]  * AlexanderScenarioText (UpdateText)
[1237403.520] Game content needs to change to match target config.
[1237403.520] Performing pre configure processing.
[1237403.520] Unloading Gameplay DLL.
[1237403.520] Reloading Gameplay DLL.
[1237403.520] Reverted Localization database to its original state.
[1237403.520] Rebuilding gameplay database.
[1237403.520] Gameplay database unchanged, no rollback needed.
[1237403.520] Updating gameplay database with embedded GameCore data.
[1237403.520] Updated gameplay database with GameCore data.
[1237403.520] Applying mod components.
[1237403.520] UpdateContent - Importing implicit files, pre components
[1237403.520] Modding Framework - Applying Components
[1237403.520] Applying Component - MacedoniaArt (UpdateArt)
[1237403.520] ModArtLoader - Loading DLC4.dep
[1237403.520] Applying Component - MacedoniaAudio (UpdateAudio)
[1237403.520] UpdateAudio - Loading Platforms/Windows/Audio/DLC04Banks.ini
[1237403.520] UpdateAudio - Loading Platforms/Windows/Audio/DLC04_Music_Bank.bnk
[1237403.520] UpdateAudio - Loading Platforms/Windows/Audio/DLC04_Music_Bank.txt
[1237403.520] UpdateAudio - Loading Platforms/Windows/Audio/DLC04_Music_Bank.xml
[1237403.520] Applying Component - MacedoniaGameplay (UpdateDatabase)
[1237403.520] UpdateDatabase - Loading Data/Macedonia_Persia_GameplayData.xml
[1237403.520] Applying Component - MacedoniaGameplayIcons (UpdateIcons)
[1237403.520] UpdateIcons - Loading Data/Macedonia_Persia_Icons_Buildings.xml
[1237403.520] UpdateIcons - Loading Data/Macedonia_Persia_Icons_Civilizations.xml
[1237403.520] UpdateIcons - Loading Data/Macedonia_Persia_Icons_Leaders.xml
[1237403.520] UpdateIcons - Loading Data/Macedonia_Persia_Icons_UnitActions.xml
[1237403.520] UpdateIcons - Loading Data/Macedonia_Persia_Icons_UnitPortraits.xml
[1237403.520] UpdateIcons - Loading Data/Macedonia_Persia_Icons_Units.xml
[1237403.520] UpdateIcons - Loading Data/Macedonia_Persia_Icons_Wonders.xml
[1237403.520] Applying Component - MacedoniaText (UpdateText)
[1237403.520] Creating database save point.
[1237403.520] LocalizedText - Loading Text/en_US/Macedonia_Persia_CivilopediaText.xml
[1237403.520] LocalizedText - Loading Text/en_US/Macedonia_Persia_ConfigText.xml
[1237403.520] LocalizedText - Loading Text/en_US/Macedonia_Persia_GameplayText.xml
[1237403.520] LocalizedText - Loading Text/Macedonia_Persia_Translations_ConfigText.xml
[1237403.520] LocalizedText - Loading Text/Macedonia_Persia_Translations_ConfigText_China.xml
[1237403.520] Warning: Unable to load ../../../DLC/Macedonia_Persia/Text/Macedonia_Persia_Translations_ConfigText_China.xml
[1237403.520] Warning: LocalizedText - Failed loading XML.
[1237403.520] LocalizedText - Loading Text/Macedonia_Persia_Translations_Text.xml
[1237403.520] LocalizedText - Loading Text/Macedonia_Persia_Translations_Text_China.xml
[1237403.520] Warning: Unable to load ../../../DLC/Macedonia_Persia/Text/Macedonia_Persia_Translations_Text_China.xml
[1237403.520] Warning: LocalizedText - Failed loading XML.
[1237404.520] Successfully released save point.
[1237404.520] Applying Component - AlexanderScenarioArt (UpdateArt)
[1237404.520] ModArtLoader - Loading AlexanderScenario.dep
[1237404.520] Applying Component - AlexanderScenarioColors (UpdateColors)
[1237404.520] UpdateColors - Loading Data/AlexanderScenario_PlayerColors.xml
[1237404.520] Applying Component - AlexanderScenarioGameplayIcons (UpdateIcons)
[1237404.520] UpdateIcons - Loading Data/AlexanderScenario_Icons_Civilizations.xml
[1237404.520] Applying Component - AlexanderScenarioARX (UpdateLogitechARX)
[1237404.520] UpdateARX - Loading Data/ARX/Civ_LEADER_ALEXANDER.png
[1237404.520] UpdateARX - Loading Data/ARX/Civ_LEADER_DARIUS_III.png
[1237404.520] UpdateARX - Loading Data/ARX/index.html
[1237404.520] Applying Component - AlexanderScenarioScripts (AddGameplayScripts)
[1237404.520] GameplayScripts - Registering ../../../DLC/AlexanderScenario/Scripts/AlexanderScenario.lua
[1237404.520] Applying Component - WorldRankings_AlexanderScenario (ReplaceUIScript)
[1237404.520] Applying Component - AlexanderScenarioUI (ImportFiles)
[1237404.520] Applying Component - AlexanderScenarioGameplay (UpdateDatabase)
[1237404.520] UpdateDatabase - Loading Data/AlexanderScenario_RemoveData.xml
[1237412.520] UpdateDatabase - Loading Data/AlexanderScenario_Buildings.xml
[1237412.520] UpdateDatabase - Loading Data/AlexanderScenario_Civilizations.xml
[1237412.520] UpdateDatabase - Loading Data/AlexanderScenario_Districts.xml
[1237412.520] UpdateDatabase - Loading Data/AlexanderScenario_Eras.xml
[1237412.520] UpdateDatabase - Loading Data/AlexanderScenario_Features.xml
[1237412.520] UpdateDatabase - Loading Data/AlexanderScenario_GameSpeeds.xml
[1237412.520] UpdateDatabase - Loading Data/AlexanderScenario_GlobalParameters.xml
[1237412.520] UpdateDatabase - Loading Data/AlexanderScenario_GreatPeople.xml
[1237412.520] UpdateDatabase - Loading Data/AlexanderScenario_Improvements.xml
[1237412.520] UpdateDatabase - Loading Data/AlexanderScenario_Leaders.xml
[1237412.520] UpdateDatabase - Loading Data/AlexanderScenario_Resources.xml
[1237412.520] UpdateDatabase - Loading Data/AlexanderScenario_Routes.xml
[1237412.520] UpdateDatabase - Loading Data/AlexanderScenario_Units.xml
[1237412.520] UpdateDatabase - Loading Data/AlexanderScenario_Victories.xml
[1237412.520] Applying Component - AlexanderScenarioText (UpdateText)
[1237412.520] Creating database save point.
[1237412.520] LocalizedText - Loading Text/en_US/AlexanderScenario_CivilopediaText.xml
[1237412.520] LocalizedText - Loading Text/en_US/AlexanderScenario_ConfigText.xml
[1237412.520] LocalizedText - Loading Text/en_US/AlexanderScenario_Text.xml
[1237412.520] LocalizedText - Loading Text/AlexanderScenario_Translations_ConfigText.xml
[1237412.520] LocalizedText - Loading Text/AlexanderScenario_Translations_ConfigText_China.xml
[1237412.520] Warning: Unable to load ../../../DLC/AlexanderScenario/Text/AlexanderScenario_Translations_ConfigText_China.xml
[1237412.520] Warning: LocalizedText - Failed loading XML.
[1237412.520] LocalizedText - Loading Text/AlexanderScenario_Translations_Text.xml
[1237412.520] LocalizedText - Loading Text/AlexanderScenario_Translations_Text_China.xml
[1237412.520] Warning: Unable to load ../../../DLC/AlexanderScenario/Text/AlexanderScenario_Translations_Text_China.xml
[1237412.520] Warning: LocalizedText - Failed loading XML.
[1237412.520] Successfully released save point.
[1237412.520] Modding Framework - Finished Apply Components
[1237412.520] Applied all components of enabled mods.
[1237412.520] UpdateContent - Importing implicit files, post components
[1237412.520] Localization database has been updated.  Caching data.
[1237412.520] Initializing Gameplay DLL.
[1237412.520] Saving a debug version of the gameplay database.
[1237413.520] Performing post configure processing.
[1237413.520] Reloading icons.
[1237413.520] Reloading colors.
[1237413.520] Successfully reconfigured game.
[1237415.520] Reloading Tuner states.
[1240149.520] Modding Framework - Shutting down framework.
[1240149.520] Releasing Modding Framework Services...
[1240149.520] Services released!
